geometry,geometry_index,beta,mode_index,eigenvalue,dominant_q,q_contrast,mean_abs_xyz,field_anisotropy,boundary_ratio,score_q,score_iso
cubic,1.0,0.0,2,0.9607359798384634,X1+Y1+Z2,2.4986302410948774e-21,3.40168431617327e-18,0.256672871541348,2.487990799941016,8.49955130304868e-39,8.731200815093599e-19
cubic,1.0,0.0,3,0.9607359798384688,X1+Y1+Z1,1.1014881652303933e-21,2.6442486317840914e-18,0.1587631718875602,2.4879907999410182,2.912608573836837e-39,4.1980930004138356e-19
cubic,1.0,0.0,4,0.9607359798385073,X1+Y1+Z1,8.398583875678768e-22,2.5579140143454307e-18,0.15671212194451561,2.4879907999410187,2.1482855396254285e-39,4.008561329396866e-19
cubic,1.0,0.0,5,1.9214719596769472,Y1+Z2,7.481705169699597e-22,2.7875540578232634e-18,0.14990914273698594,3.1009816001164143,2.0855657605233398e-39,4.1787983914129194e-19
cubic,1.0,0.0,6,1.9214719596769598,X1+Y1+Z2,2.102674336240998e-21,5.326645117785265e-18,0.19002465078544617,3.1009816001164157,1.1200199987430485e-38,1.0121938783651468e-18
cubic,1.0,0.0,7,1.921471959676969,X1,7.434142188706928e-22,2.6492680862863393e-18,0.2620113373410137,3.1009816001164148,1.969503564945614e-39,6.9413827426275175e-19
cubic,1.0,0.0,8,2.882207939515442,Z1,0.15139921439941045,0.00011271220073669333,0.9999999999999979,3.713972400291808,1.7064538644764024e-05,0.00011271220073669308
cubic,1.0,0.0,9,3.8060233744356053,X1+Y1+Z1,1.7160138366372377e-21,3.3529956075014676e-18,0.8785496227904394,2.4524247075129995,5.753786856656399e-39,2.9457730261884143e-18
cubic,1.0,0.0,10,3.806023374435665,X1+Y1+Z2,1.7127687375449993e-21,4.4753456342040545e-18,0.8712113596664359,2.4524247075130017,7.665232091973203e-39,3.898971954952162e-18
cubic,1.0,0.0,11,3.806023374435668,X1+Y1+Z1,1.2288898168371357e-14,6.82545423215643e-15,0.8779258964367559,2.4524247075234444,8.387731201184968e-29,5.992243025353983e-15
cubic,1.0,0.0,12,4.766759354274103,X1+Y2,4.094611227162782e-21,5.521399952472476e-18,0.3653109274634325,3.0654155076884018,2.2607986235049854e-38,2.0170277375342725e-18
cubic,1.0,0.0,13,4.766759354274139,X1+Y1+Z1,1.0518041512543082e-14,6.308121142209569e-15,0.5235540521438309,3.0654155076885714,6.634908003991093e-29,3.3026423854179905e-15
cubic,1.0,0.0,14,4.766759354274153,X1+Y1+Z1,2.3841205451235696e-12,9.497751374920902e-14,0.3437728964719524,3.065415507682105,2.2643784185424552e-25,3.265069500127027e-14
cubic,1.0,0.0,15,5.727495334112614,Z1,0.23922498872191744,0.00021718533172487684,0.3943931162823786,3.6784063078633693,5.195615853244956e-05,8.565639978979633e-05
cubic,1.0,0.0,16,5.727495334112634,Y1,0.1915747151067155,0.00021618902429447473,0.3962852033486581,3.6784063078637916,4.141635073841279e-05,8.56725114542839e-05
cubic,1.0,0.0,17,5.727495334112918,X1,0.21265106911235948,0.0002157923287676077,0.4134566905051842,3.678406308039481,4.5888469418677545e-05,8.922078208866173e-05
cubic,1.0,0.0,18,7.6120467488712755,Y1+Z1,1.0688975843538454e-21,2.7125132130146602e-18,0.9245320906661186,3.0298494152603763,2.8993988209192582e-39,2.5078055117879145e-18
cubic,1.0,1.0,2,2.789845981123591,X1+Y1+Z1,0.16238623350134054,1.6691481770784863e-05,0.23812581722809037,1.3177852180038008,2.7104668563140398e-06,3.9746727374159185e-06
cubic,1.0,1.0,3,2.7898459811236127,X1+Y1+Z2,0.13184691156840905,1.4139459950203168e-05,0.24983932336713474,1.3177852180037959,1.8642441256794987e-06,3.53259310673546e-06
cubic,1.0,1.0,4,2.789845981123649,X1+Y2+Z1,0.11555820280925175,1.3109884003235917e-05,0.19563648150487806,1.317785218003795,1.5149546344517014e-06,2.5647715793301602e-06
cubic,1.0,1.0,5,4.312496103986095,X1+Z2,0.11426843026147314,3.0739281091106254e-05,0.19423605012798076,1.805593395645247,3.512529397646895e-06,5.970676542910206e-06
cubic,1.0,1.0,6,4.312496103986107,X1+Z1,0.10236699827510166,3.6350411055320874e-05,0.2565566776247178,1.8055933956452468,3.7210824657992684e-06,9.325940690645935e-06
cubic,1.0,1.0,7,4.312496103986124,Y1,0.11622125880642957,3.461754939479022e-05,0.2887457696800701,1.8055933956452481,4.023295167456273e-06,9.995670944436547e-06
cubic,1.0,1.0,8,5.806688711160957,X1+Y2+Z1,0.14195513553508485,1.527319543294918e-05,0.6690883953688751,1.618863166238368,2.16810852773814e-06,1.0219117824387198e-05
cubic,1.0,1.0,9,5.8066887111609695,X1+Y1+Z1,0.12796803427435827,3.5208265751855925e-05,0.7378540926810345,1.6188631662383661,4.505532558474213e-06,2.5978562981208396e-05
cubic,1.0,1.0,10,5.806688711161036,X1+Y2+Z2,0.18676476098205816,1.0120797289444768e-05,0.8732129680292744,1.6188631662383672,1.8902082867110142e-06,8.837611439938701e-06
cubic,1.0,1.0,11,5.835146226848561,Y1,0.08101503670650473,5.99903250447285e-05,0.9999999999999902,2.293401573286696,4.860118385533829e-06,5.9990325044727916e-05
cubic,1.0,1.0,12,7.329338834023518,X1+Y2+Z1,0.14056570801211277,2.8561918698808867e-05,0.2821093487942635,2.106671343879811,4.014826324082471e-06,8.057584284435668e-06
cubic,1.0,1.0,13,7.329338834023519,X1+Y1+Z1,0.11365082541435315,7.338307608124162e-05,0.5323425949343747,2.1066713438798184,8.340047168077386e-06,3.906493714535481e-05
cubic,1.0,1.0,14,7.329338834023567,X1+Z1,0.13667941715602722,8.38206458336805e-05,0.6151838982651887,2.106671343879819,1.1456557018189232e-05,5.156511165906932e-05
cubic,1.0,1.0,15,8.851988956886034,Y1,0.12933767902165239,0.0001485609783380788,0.4894893222876719,2.5944795215213134,1.9214532131433087e-05,7.27190126050997e-05
cubic,1.0,1.0,16,8.85198895688607,X1+Z1,0.1081330797790335,0.000172306038601994,0.38796869652317395,2.5944795215183007,1.8631982618558642e-05,6.68493491994873e-05
cubic,1.0,1.0,17,8.8519889568861,X1+Z2,0.10985768067733158,0.0001630222678470081,0.3652512217449269,2.59447952661392,1.7909248244431034e-05,5.9544082502748426e-05
cubic,1.0,1.0,18,10.346181564060926,X1+Y2+Z2,0.140187506669295,6.135696669673538e-05,0.6178692994166722,2.4077492921143904,8.601480178006302e-06,3.791058602724398e-05
cubic,1.0,5.0,2,5.07907856139199,X1+Y2+Z2,0.30596419788945173,9.918143332599047e-05,0.24823193045341696,0.23296860230654273,3.034596769311281e-05,2.4619998659647476e-05
cubic,1.0,5.0,3,5.079078561391995,X1+Y1+Z2,0.307115128756331,0.00010234230673180854,0.2657166367165179,0.23296860230654276,3.14308707091593e-05,2.7194053538586414e-05
cubic,1.0,5.0,4,5.079078561392021,X1+Y1+Z1,0.26854791705901826,0.00010511362987206177,0.2647102628664957,0.23296860230654245,2.8228046356654787e-05,2.7824656594285005e-05
cubic,1.0,5.0,5,7.604122075369289,X1+Y2+Z2,0.2543271051182077,0.00017544566373438653,0.2815014437215128,0.3467705506356683,4.462058776310905e-05,4.938820763590887e-05
cubic,1.0,5.0,6,7.604122075369297,X1+Y1+Z2,0.2457849913986905,0.00016826356982732276,0.29721131176606186,0.3467705506356688,4.135666006272148e-05,5.0009836310818945e-05
cubic,1.0,5.0,7,7.604122075369308,X1+Y2+Z1,0.20781838155698426,0.0001654342561227422,0.3309608035572103,0.34677055063566864,3.43802793615119e-05,5.4752254342272104e-05
cubic,1.0,5.0,8,9.191833245129073,X1+Y2+Z2,0.282271552244248,5.977344384197214e-05,0.7091538043441964,0.4054806972529287,1.6872342776257862e-05,4.238856509928872e-05
cubic,1.0,5.0,9,9.191833245129148,X1+Y2+Z1,0.16410052382568327,8.797638884342699e-05,0.4913273772383168,0.4054806972521043,1.4436971493498368e-05,4.32252083893393e-05
cubic,1.0,5.0,10,9.191833245129192,X1+Y1+Z2,0.16152335891671657,9.097305051259062e-05,0.49352656747345036,0.4054806972521087,1.4694272689693761e-05,4.489761735206766e-05
cubic,1.0,5.0,11,10.129165589346625,X1+Y2+Z1,0.10509127349505175,0.00024789725002803854,0.9999999999999968,0.46057249896479396,2.6051837701367822e-05,0.00024789725002803773
cubic,1.0,5.0,12,11.716876759106357,X1+Y2+Z2,0.17146157309466725,0.0001646063241732989,0.4079652291408493,0.5192826456563887,2.8223659284084584e-05,6.715365675939281e-05
cubic,1.0,5.0,13,11.716876759106423,X1+Y2+Z2,0.2787383195528404,0.0001700438435625437,0.2208002956616869,0.5192826456114614,4.739773520492951e-05,3.7545730934059285e-05
cubic,1.0,5.0,14,11.716876759106677,X1+Y2+Z2,0.19540462048366133,0.00016883979987800948,0.5971286095659719,0.5192826787528255,3.299207701769977e-05,0.00010081907494055276
cubic,1.0,5.0,15,14.241920273083641,X1+Y1+Z2,0.21551798377303233,0.0002804238545933531,0.40311308653255296,0.6330845939103594,6.0436383743821444e-05,0.00011304252556248239
cubic,1.0,5.0,16,14.241920273083688,X1+Y2+Z2,0.22802785603723094,0.00027456395007755745,0.4200617797550493,0.6330845939103599,6.260822888129873e-05,0.00011533382152615529
cubic,1.0,5.0,17,14.752244170576827,X1+Y1+Z2,0.2815846189861,0.00024149177042799978,0.555542541707045,0.6134042244692,6.800036816424704e-05,0.0001341589519449052
cubic,1.0,5.0,18,14.75224417057689,X1+Y1+Z1,0.31833497658015497,0.00027727993256697065,0.8289596232602975,0.6134042244691983,8.826790083985356e-05,0.00022985386843835668
tet_1.05,1.05,0.0,2,0.8714158547287632,X1+Z1,2.0456893088490094e-21,3.148201863809761e-18,0.5646572808047329,2.429038857093704,6.440242894894154e-39,1.7776551038432115e-18
tet_1.05,1.05,0.0,3,0.9607359798384707,Y1,2.222380803456985e-21,3.722427458866899e-18,0.6094945623325342,2.4582288951974673,8.27265132684696e-39,2.2687992948566878e-18
tet_1.05,1.05,0.0,4,0.9607359798384862,X1+Y2+Z2,2.0152006588085263e-21,4.1922484002772836e-18,0.6094945623325339,2.458228895197467,8.448221738127772e-39,2.555152603916268e-18
tet_1.05,1.05,0.0,5,1.8321518345672665,X1+Y2,1.365111140501523e-21,2.992598774240082e-18,0.4685454878897934,3.042029657272749,4.085229925766338e-39,1.4021686527347169e-18
tet_1.05,1.05,0.0,6,1.8321518345672758,X1,1.353378972196347e-21,2.859081284480293e-18,0.46854548788979006,3.0420296572727477,3.869420490215751e-39,1.3396096353533866e-18
tet_1.05,1.05,0.0,7,1.921471959676955,X1+Z1,1.6910357296259664e-21,3.901621984597142e-18,0.6863444539261635,3.0712196953765165,6.597782179447939e-39,2.6778566104446396e-18
tet_1.05,1.05,0.0,8,2.792887814405715,Y1,0.15139921439940593,0.00011271220073669201,0.9070294784580446,3.6550204574517977,1.7064538644763312e-05,0.00010223328865006019
tet_1.05,1.05,0.0,9,3.4521753963135025,X1,3.1257335183845283e-21,4.842769703768586e-18,0.7897935617149902,2.3951663881144376,1.5137207584886583e-38,3.82478833290484e-18
tet_1.05,1.05,0.0,10,3.806023374435653,X1+Y1+Z2,1.1392372711162834e-17,3.5265783830981975e-16,0.9252807603122223,2.4226628027690373,4.017609533538465e-33,3.263075127613748e-16
tet_1.05,1.05,0.0,11,3.806023374435675,X1+Y2+Z1,1.5081320687981321e-21,3.6747426410955454e-18,0.9252807603122181,2.422662802769243,5.541997221616137e-39,3.4001686649046147e-18
tet_1.05,1.05,0.0,12,4.412911376151991,X1+Y1+Z2,1.9604951847571025e-17,4.545392121782921e-16,0.4190555372354303,3.008157188293395,8.911219367588287e-33,1.9047717375394345e-16
tet_1.05,1.05,0.0,13,4.412911376151998,X1+Y1+Z2,4.416057720330446e-12,2.1372716904051768e-13,0.4190555372329795,3.008157188321212,9.438315148857484e-25,8.956355364355796e-14
tet_1.05,1.05,0.0,14,4.67743922916445,X1+Y1+Z2,3.90122935703627e-12,1.9844104276628056e-13,0.5705649016123714,3.006463564981844,7.741640216807037e-25,1.1322349404179925e-13
tet_1.05,1.05,0.0,15,4.677439229164595,X1+Y1+Z2,7.14486647136793e-07,8.492432560132379e-11,0.5705648949914114,3.00646355558818,6.067729665924315e-17,4.845483891893574e-11
tet_1.05,1.05,0.0,16,4.7667593542741535,X1+Y1+Z2,2.6955074850522605e-12,1.6425296894533088e-13,0.6859266164278456,3.0356536029154513,4.427451072341958e-25,1.126654832268988e-13
tet_1.05,1.05,0.0,17,4.766759354274183,X1+Y1+Z2,1.5107210894757566e-07,3.888471580133756e-11,0.6859266165394183,3.035653601323715,5.874396021935185e-18,2.6672061544708328e-11
tet_1.05,1.05,0.0,18,5.3736473559905065,Z1,0.41495568418199313,0.0002112399709664242,0.7882245212728956,3.62114798847252,8.765522667895692e-05,0.00016650452498871007
tet_1.05,1.05,1.0,2,2.6432643108516416,X1+Y2,0.12890896904964172,1.0328835964987228e-05,0.47371785552813583,1.2638514230803348,1.3314795957293647e-06,4.892954023435633e-06
tet_1.05,1.05,1.0,3,2.7628952916568226,Y1+Z1,0.10088220434255654,1.3954656360263831e-05,0.2608244563474783,1.2951548267871953,1.407776494466292e-06,3.639715658681694e-06
tet_1.05,1.05,1.0,4,2.7628952916568257,X1+Z1,0.10846598859909982,1.3049650031020337e-05,0.26082445634747703,1.2951548267871935,1.4154431914868946e-06,3.4036678748657162e-06
tet_1.05,1.05,1.0,5,4.165914433714132,X1+Y2,0.11025767738178334,2.99851796320624e-05,0.19754071463986864,1.7516596007246892,3.306096262106757e-06,5.9232938131224395e-06
tet_1.05,1.05,1.0,6,4.165914433714152,X1+Y1,0.11738872064602648,3.33542381203282e-05,0.19754071463986886,1.751659600724687,3.915411341068255e-06,6.58882003455799e-06
tet_1.05,1.05,1.0,7,4.285545414519336,Z1,0.14821682355611862,2.59068150261652e-05,0.5639937887760552,1.7829630044315492,3.83982583163413e-06,1.4611282761727349e-05
tet_1.05,1.05,1.0,8,5.393431906787956,X1+Y1+Z1,0.12170313695775066,2.2474012507292333e-05,0.511388025258182,1.5566976569786566,2.7351578221652e-06,1.1492940875731912e-05
tet_1.05,1.05,1.0,9,5.688564556576653,Z1,0.08367645829554632,5.9334873195657414e-05,0.9138522027229404,2.239467778369046,4.964932042427957e-06,5.422330456813788e-05
tet_1.05,1.05,1.0,10,5.779738021694277,X1+Y2+Z2,0.14948550440292527,9.139252981177241e-06,0.6988940803837544,1.5962327750235592,1.3661858417572184e-06,6.3873698076743546e-06
tet_1.05,1.05,1.0,11,5.779738021694393,X1+Y1+Z1,0.12669703079684752,3.2186210119025775e-05,0.6988940803837641,1.5962327750235634,4.077897254684014e-06,2.2494751722175123e-05
tet_1.05,1.05,1.0,12,6.9160820296504655,X1+Y2+Z2,0.10460854354272682,6.48962049681135e-05,0.19363998226347542,2.0445058346229845,6.788697483164625e-06,1.2566499978992364e-05
tet_1.05,1.05,1.0,13,6.9160820296505054,X1+Y1+Z2,0.11059302404284373,7.276262150585162e-05,0.1936399822631044,2.0445058346223046,8.047038349616986e-06,1.4089752737810086e-05
tet_1.05,1.05,1.0,14,7.1827571637515675,X1+Y1,0.13603094576340405,7.524470282318275e-05,0.6180048264136219,2.052737548960958,1.0235608088723827e-05,4.650158950678562e-05
tet_1.05,1.05,1.0,15,7.182757163753383,X1+Y2,0.18560040776264028,1.747649550796152e-05,0.6180048453270227,2.0527375290416128,3.243644692539609e-06,1.0800558903256167e-05
tet_1.05,1.05,1.0,16,7.302388144556779,Y1+Z1,0.13486073186768144,5.598565614919482e-05,0.5633416784102806,2.0840409526923893,7.550266562372773e-06,3.153905350198826e-05
tet_1.05,1.05,1.0,17,7.302388144556836,X1+Z2,0.13486390583173546,5.600533982201527e-05,0.5633416781085674,2.0840409533826096,7.5530988758306115e-06,3.155014211837466e-05
tet_1.05,1.05,1.0,18,8.438732152512975,Z1,0.14945148710278178,0.00012910386870679287,0.9865219726778307,2.532314012267358,1.9294765168952486e-05,0.00012736380323696497
tet_1.05,1.05,5.0,2,4.798696930565605,X1+Y2+Z2,0.11607586827138895,7.999901955724609e-05,0.4238039818819859,0.2150143690580557,9.285955655967165e-06,3.390390303501576e-05
tet_1.05,1.05,5.0,3,5.008585266316974,X1+Y2+Z1,0.2192216509347238,9.078488606944154e-05,0.2519717957469547,0.22818837432951772,1.9902012604063782e-05,2.2875230769599878e-05
tet_1.05,1.05,5.0,4,5.008585266316984,X1+Y1+Z2,0.21578030850168173,9.980887645496548e-05,0.2519717957469547,0.22818837432951777,2.1536790152658688e-05,2.51490218318436e-05
tet_1.05,1.05,5.0,5,7.3237404445428655,X1+Y2+Z2,0.1846902797751929,0.00016150953766454356,0.32508469949990637,0.3288163173878583,2.9829241697626606e-05,5.250427951804695e-05
tet_1.05,1.05,5.0,6,7.323740444542905,X1+Y1+Z2,0.1833279564384472,0.00016776349778350848,0.32508469949990626,0.3288163173878591,3.0755739213616574e-05,5.453734626400504e-05
tet_1.05,1.05,5.0,7,7.533628780294326,X1+Y2+Z1,0.11014031038248744,0.00014111842370895535,0.5043055548270983,0.34199032265932094,1.5542826987991716e-05,7.116680496487026e-05
tet_1.05,1.05,5.0,8,8.566983277384537,X1+Y1+Z1,0.11683634326556722,7.133325898929509e-05,0.3852107049526862,0.36917244587705267,8.334317133524889e-06,2.7478334981838902e-05
tet_1.05,1.05,5.0,9,9.121339950054056,X1+Y2+Z1,0.14526462259006276,6.274027307092812e-05,0.47772604301498683,0.40070046927610997,9.11394208884585e-06,2.9972662391854227e-05
tet_1.05,1.05,5.0,10,9.121339950054063,X1+Y1+Z2,0.1392494293979003,9.035478876886985e-05,0.4777260430149882,0.4007004692761093,1.2581852779432938e-05,4.3164835706007294e-05
tet_1.05,1.05,5.0,11,9.848783958520212,X1+Y1+Z1,0.10567284228575033,0.00025297870539947516,0.9165518990165187,0.44261826571766183,2.6732978837332034e-05,0.00023186811284462938
tet_1.05,1.05,5.0,12,11.09202679136181,X1+Y1+Z1,0.21051528650474885,0.00016041655111134078,0.24000232703331978,0.4829743942104248,3.377013621730759e-05,3.850034556138127e-05
tet_1.05,1.05,5.0,13,11.092026791361823,X1+Y2+Z1,0.21404417569716716,0.00014475730111298806,0.24000232703571975,0.4829743942067198,3.098445719287615e-05,3.474208912252752e-05
tet_1.05,1.05,5.0,14,11.436495128279955,X1+Y2+Z2,0.1442113626764017,0.00011196806083662888,0.4756739319509326,0.5013284123354792,1.6147066629484495e-05,5.3260287751080486e-05
tet_1.05,1.05,5.0,15,11.436495128280026,X1+Y1+Z2,0.13563792916945183,0.0001653697536309687,0.47567393205079456,0.501328412276647,2.243041092976703e-05,7.866208095191404e-05
tet_1.05,1.05,5.0,16,11.646383464031352,X1+Y1+Z1,0.1893753786611049,0.00015858849405764718,0.3250207659806223,0.5145024176052322,3.0032756113461318e-05,5.154455381432985e-05
tet_1.05,1.05,5.0,17,11.646383464031398,X1+Y2+Z1,0.2005026123923632,0.00013893257131125387,0.3250207678463661,0.5145024175422688,2.7856343494294693e-05,4.515597100645375e-05
tet_1.05,1.05,5.0,18,13.61707030533912,X1+Y2+Z1,0.10636314840897476,0.00022557520843268248,0.833087036082147,0.5967763425366585,2.3992889371910824e-05,0.00018792378180679597
tet_1.10,1.1,0.0,2,0.7939966775524449,X1+Y2+Z1,4.631306682917714e-21,5.661944678535412e-18,0.5144914480059681,2.37544618177735,2.6222202228011443e-38,2.9130221161893697e-18
tet_1.10,1.1,0.0,3,0.9607359798384629,X1+Z1,1.5477022047798722e-21,4.2902532494336706e-18,0.5060267341672732,2.4311726181575546,6.640034413212503e-39,2.170982840561452e-18
tet_1.10,1.1,0.0,4,0.9607359798384945,Y1+Z2,9.504907730794859e-22,3.4097154433768663e-18,0.506026734167272,2.4311726181575644,3.2409030677563395e-39,1.7254071702517074e-18
tet_1.10,1.1,0.0,5,1.754732657390932,X1+Y1,1.879553753511419e-21,3.899112257346018e-18,0.36612389168538106,2.9884369819597105,7.328591078657091e-39,1.427558153777695e-18
tet_1.10,1.1,0.0,6,1.7547326573909396,X1+Y1+Z1,1.0322293237768904e-21,2.608108559367908e-18,0.36612389168538106,2.988436981959712,2.6921661345730555e-39,9.548908556937312e-19
tet_1.10,1.1,0.0,7,1.9214719596769603,X1+Z2,1.2914876793398666e-21,3.6767504228964445e-18,0.7532669290255384,3.0441634183399247,4.748477871178402e-39,2.7695744998485545e-18
tet_1.10,1.1,0.0,8,2.7154686372294194,Z1,0.1513992143994068,0.00011271220073669453,0.8264462809917337,3.601427782142075,1.7064538644763793e-05,9.315057912123494e-05
tet_1.10,1.1,0.0,9,3.145473863169982,Y1+Z2,1.3609403396080116e-21,4.3849954531635955e-18,0.7196259518932022,2.3431133704787785,5.96771720120805e-39,3.155556527030216e-18
tet_1.10,1.1,0.0,10,3.8060233744356795,X1+Y1+Z1,2.0488724998461676e-16,1.1254816643665394e-15,0.8725216305192104,2.3956065257288977,2.305968431201697e-31,9.820070969125677e-16
tet_1.10,1.1,0.0,11,3.806023374435687,Y1,5.444645917931041e-21,4.774505122538018e-18,0.8725216305191354,2.3956065257291437,2.5995489825567463e-38,4.165858994438836e-18
tet_1.10,1.1,0.0,12,4.106209843008429,X1+Y1+Z1,2.3721562989545026e-14,1.2016857175614934e-14,0.4556636884445946,2.956104170661284,2.850586344277158e-28,5.475645464152594e-15
tet_1.10,1.1,0.0,13,4.106209843008455,X1+Y1+Z2,7.455468043953748e-21,8.470329472543003e-18,0.45566368844459715,2.9561041706611566,6.315027070430397e-38,3.859621569799924e-18
tet_1.10,1.1,0.0,14,4.600020051988114,X1+Y1+Z1,9.372774354313492e-10,2.3558858927070454e-12,0.5262150269109015,2.9528708900067304,2.2081186876853542e-21,1.239702558429851e-12
tet_1.10,1.1,0.0,15,4.600020051988125,X1+Y1+Z1,3.283587664051269e-12,1.394378881584269e-13,0.5262150269394938,2.9528708895359825,4.578565294583711e-25,7.337431207367274e-14
tet_1.10,1.1,0.0,16,4.766759354274123,X1+Y1+Z1,1.255936539714727e-07,2.7151203210963566e-11,0.5449164981021624,3.008597312079906,3.4100188209868962e-18,1.4795138572978454e-11
tet_1.10,1.1,0.0,17,4.766759354274162,X1+Y1+Z1,1.569394779559851e-13,3.03497953443891e-14,0.5449164998248899,3.008597325914149,4.763081037419413e-27,1.6538104249466248e-14
tet_1.10,1.1,0.0,18,5.066945822846926,Z1,0.41495568418199547,0.00021123997096642605,0.8650808804899917,3.5690949708435085,8.765522667895818e-05,0.00018273966007831613
tet_1.10,1.1,1.0,2,2.513939878753062,X1+Y2,0.12465137863747289,1.0215894943422773e-05,0.43484248672046244,1.215248619794632,1.2734253887132366e-06,4.4423051612729566e-06
tet_1.10,1.1,1.0,3,2.7385873784925905,X1+Z2,0.10233899483137411,1.3551645933788481e-05,0.23766723875237958,1.2750069987449597,1.3868618231745914e-06,3.220782269633421e-06
tet_1.10,1.1,1.0,4,2.738587378492619,X1+Y1+Z2,0.10315602690215943,1.4641359783552474e-05,0.23766723875237997,1.275006998744956,1.5103445037163342e-06,3.47977155133706e-06
tet_1.10,1.1,1.0,5,4.036590001615551,X1+Y1,0.11063170264298626,3.256786755027151e-05,0.21679392507601722,1.7030567974416277,3.6030386385377993e-06,7.060515837579215e-06
tet_1.10,1.1,1.0,6,4.036590001615573,X1+Y2,0.10408767676308958,2.9793099682820975e-05,0.21679392507601636,1.7030567974416289,3.1010945295559765e-06,6.458963020419777e-06
tet_1.10,1.1,1.0,7,4.261237501355162,Z1,0.14822329005046658,2.675652385122263e-05,0.6110604444324128,1.7628151763919477,3.965939995541999e-06,1.6349853355994553e-05
tet_1.10,1.1,1.0,8,5.032601340891736,X1+Y1+Z1,0.12168222382152555,2.2374451098382152e-05,0.4659016128213435,1.499999684977644,2.722572966437115e-06,1.0424292852728525e-05
tet_1.10,1.1,1.0,9,5.559240124478085,Z1,0.08624517398137468,5.8686073929617914e-05,0.8388574753721006,2.19086497508862,5.0613906563437145e-06,4.922925181609974e-05
tet_1.10,1.1,1.0,10,5.755430108530103,X1+Y2+Z1,0.13441306477829196,1.2745944703548076e-05,0.6850305463450574,1.576084946982952,1.7132214910985348e-06,8.73136146395543e-06
tet_1.10,1.1,1.0,11,5.755430108530126,X1+Y1+Z2,0.12619158412782808,3.184721720121227e-05,0.6850305463450581,1.5760849469829519,4.018850788683992e-06,2.1816316598916174e-05
tet_1.10,1.1,1.0,12,6.555251463754258,X1+Z2,0.13124266104979865,5.998282165774168e-05,0.41159670297642503,1.9878078626246056,7.872305131637512e-06,2.4688731629549375e-05
tet_1.10,1.1,1.0,13,6.555251463754273,Y1+Z2,0.1273604101360864,6.061666063682816e-05,0.4115967029764169,1.9878078626246347,7.720162759786398e-06,2.494961766355882e-05
tet_1.10,1.1,1.0,14,7.053432731652997,X1+Y1,0.1292562913911471,6.280762386010748e-05,0.4494891742291808,2.0041347456803806,8.118280531247616e-06,2.8231346984176703e-05
tet_1.10,1.1,1.0,15,7.053432731653022,X1+Y2,0.12984406016216896,4.071219452655628e-05,0.4494891742866253,2.004134745481314,5.286236635440099e-06,1.829969070113825e-05
tet_1.10,1.1,1.0,16,7.278080231392572,X1+Y1+Z2,0.11100739353152364,7.474607985750919e-05,0.33844952129331096,2.063893124626704,8.297367501681215e-06,2.5297774946325577e-05
tet_1.10,1.1,1.0,17,7.278080231392583,X1+Y2+Z2,0.11119241771917615,6.426844888925895e-05,0.33844952138970696,2.0638931245592436,7.146164215058004e-06,2.1751625767028536e-05
tet_1.10,1.1,1.0,18,8.077901586616747,Z1,0.1494334792927514,0.00012853192975909315,0.8987738379721364,2.4756160402716367,1.9206973464112822e-05,0.0001155211358115452
tet_1.10,1.1,5.0,2,4.5519927558353634,X1+Y1+Z2,0.11663463907046197,8.1497122496162e-05,0.38991881603641076,0.19971361171182808,9.505387467621081e-06,3.1777261514077826e-05
tet_1.10,1.1,5.0,3,4.946507953796809,X1+Y2+Z2,0.19391362736381387,9.121374399849363e-05,0.32131866215720867,0.22414270272349385,1.7687587964182206e-05,2.9308678191946095e-05
tet_1.10,1.1,5.0,4,4.946507953796821,X1+Y1+Z1,0.1924011110721105,9.49745486598161e-05,0.3213186621572098,0.2241427027234937,1.827320868572084e-05,3.0517094914356928e-05
tet_1.10,1.1,5.0,5,7.077036269812598,X1+Y1+Z2,0.20031973898592018,0.00017866340124780765,0.26657912317305216,0.3135155600422473,3.578980590429755e-05,4.762793284775576e-05
tet_1.10,1.1,5.0,6,7.077036269812611,X1+Y2+Z1,0.20291753510345573,0.00016615439296387835,0.26657912317305327,0.31351556004224695,3.3715639866841165e-05,4.429329238766162e-05
tet_1.10,1.1,5.0,7,7.471551467774061,X1+Y2+Z2,0.11014477498539957,0.000142705281199052,0.5479892020048074,0.3379446510539125,1.5718241086897754e-05,7.820095316614015e-05
tet_1.10,1.1,5.0,8,8.017902716228058,X1+Y2+Z2,0.11648477275881088,6.998859842917412e-05,0.35420065173230814,0.337877420764365,8.152605983730015e-06,2.479000717744427e-05
tet_1.10,1.1,5.0,9,9.059262637533896,X1+Y1+Z2,0.1532373904716581,0.0001051661673199112,0.6723280224384991,0.39665479767101963,1.611538904600896e-05,7.07061613016322e-05
tet_1.10,1.1,5.0,10,9.059262637533932,X1+Y2+Z1,0.20246369531346714,5.4536200295665986e-05,0.672328022438498,0.3966547976710199,1.1041600640215934e-05,3.666621569609494e-05
tet_1.10,1.1,5.0,11,9.602079783789925,X1+Y1+Z2,0.10618005615939204,0.0002577161152344896,0.8432691682447705,0.4273175083726662,2.7364311588778455e-05,0.00021732405413706147
tet_1.10,1.1,5.0,12,10.542946230205267,X1+Y1+Z1,0.2141447350543906,0.00015908768348931165,0.21105074783503025,0.45167936909465106,3.406778983123539e-05,3.3575574571761815e-05
tet_1.10,1.1,5.0,13,10.542946230205382,X1+Y2+Z2,0.21810514887799645,0.0001402472193122531,0.2110507478349731,0.4516793690947808,3.058864064782398e-05,2.9599280517626498e-05
tet_1.10,1.1,5.0,14,11.189790953549696,X1+Y2+Z2,0.15567679284636102,0.00011271946047849158,0.46433498130138856,0.48602765499128325,1.754780409866371e-05,5.2339588573582994e-05
tet_1.10,1.1,5.0,15,11.189790953550213,X1+Y1+Z2,0.13994821231152427,0.00017488812705400767,0.4643350301252303,0.4860276688680549,2.4475280735719097e-05,8.120668374416775e-05
tet_1.10,1.1,5.0,16,11.584306151511166,X1+Y2+Z2,0.2010287335925222,0.00014034251696615332,0.3508122111307106,0.510456746043714,2.8212878454892866e-05,4.923386869254551e-05
tet_1.10,1.1,5.0,17,11.584306151511173,X1+Y1+Z1,0.18972178979986154,0.0001603782570123841,0.35081221082058345,0.5104567444970675,3.0427249965371703e-05,5.62626509100662e-05
tet_1.10,1.1,5.0,18,12.695239152655333,X1+Y1+Z1,0.11513146957145769,0.0002410406576091533,0.34277059507089735,0.5095635790477415,2.7751365137012384e-05,8.26216496449699e-05
tet_1.20,1.2,0.0,2,0.6671777637767128,X1+Y2,3.45261498746119e-21,4.336808689942018e-18,0.43231573061612405,2.281658999972345,1.497333068064574e-38,1.874870617334639e-18
tet_1.20,1.2,0.0,3,0.9607359798384673,X1+Y2,1.7539240804642334e-21,3.327396389540004e-18,0.2885927753889351,2.383824133337041,5.8360006528639614e-39,9.602625588764719e-19
tet_1.20,1.2,0.0,4,0.9607359798384971,X1+Y2+Z2,1.815801001065565e-21,4.0742912194744626e-18,0.28859277538893496,2.3838241333370274,7.398102074954371e-39,1.1758110107709036e-18
tet_1.20,1.2,0.0,5,1.6279137436151947,Y1+Z1,3.4784721897594325e-21,6.3004192912213206e-18,0.3142375857932792,2.894649800160514,2.19158332883372e-38,1.979828547558791e-18
tet_1.20,1.2,0.0,6,1.6279137436151996,X1+Z1,1.1113035430597598e-21,3.0397816465612107e-18,0.3142375857932796,2.8946498001605128,3.378120113951504e-39,9.552136459541151e-19
tet_1.20,1.2,0.0,7,1.9214719596769718,Z1,1.5796594306777298e-21,4.079561646701823e-18,0.8964498990055965,2.996814933525202,6.444318028243703e-39,3.657122626172954e-18
tet_1.20,1.2,0.0,8,2.5886497234536856,Y1,0.15139921439940893,0.00011271220073669375,0.6944444444444419,3.507640600348677,1.7064538644763915e-05,7.82723616227037e-05
tet_1.20,1.2,0.0,9,2.64307178780255,X1+Y2,4.314863603676354e-21,6.416870635673467e-18,0.6046856956880429,2.2520205896150483,2.768792155536699e-38,3.880189884472384e-18
tet_1.20,1.2,0.0,10,3.603807767641006,Y1+Z1,4.815021021587883e-21,5.981181984878366e-18,0.4294907293297682,2.865011389803211,2.8799516991132074e-38,2.5688622129394797e-18
tet_1.20,1.2,0.0,11,3.6038077676410225,Z1,2.6034966431447106e-21,5.1318902830980546e-18,0.4294907293297677,2.865011389803225,1.3360859125032743e-38,2.2040993005281315e-18
tet_1.20,1.2,0.0,12,3.8060233744356546,X1+Z2,4.6364114967249e-21,5.159999228310642e-18,0.6988803326607462,2.348258040908277,2.3923879745231073e-38,3.606221977210935e-18
tet_1.20,1.2,0.0,13,3.8060233744357133,X1+Y1+Z2,2.9130240402409296e-16,1.5487428987322503e-15,0.6988803326607098,2.3482580409084584,4.5115252961594685e-31,1.0823859522719071e-15
tet_1.20,1.2,0.0,14,4.473201138212364,X1+Y1+Z2,2.9978602005245495e-13,4.871529672230115e-14,0.43850768161545545,2.859083707733606,1.4604164920053066e-26,2.1362031824905273e-14
tet_1.20,1.2,0.0,15,4.473201138212381,X1+Y1+Z2,3.0265889190936605e-10,1.5479641102884084e-12,0.438507681588661,2.8590837078676143,4.685051023353574e-22,6.787941531850243e-13
tet_1.20,1.2,0.0,16,4.564543747479474,Z1,0.41495568418199535,0.00021123997096642564,0.9713285736957128,3.4780021899913818,8.7655226678958e-05,0.000205183419706342
tet_1.20,1.2,0.0,17,4.766759354274111,X1+Y1+Z2,1.8853103412163298e-14,1.2117558224757203e-14,0.4804356868232228,2.9612488410955784,2.2845357831425747e-28,5.821707408331619e-15
tet_1.20,1.2,0.0,18,4.766759354274767,X1+Y1+Z2,2.704671881535473e-06,1.451537502501518e-10,0.4804356860400864,2.9612488351682473,3.925932668010082e-16,6.973704158272304e-11
tet_1.20,1.2,1.0,2,2.296696685892394,X1+Y1,0.11645267241249081,1.040652992679418e-05,0.3707514508962883,1.1313445793327095,1.2118682205157445e-06,3.858236069154587e-06
tet_1.20,1.2,1.0,3,2.696552523268207,Y1+Z1,0.11319145667414716,1.4193888331036288e-05,0.2836621828081452,1.2408350477991017,1.606626896060177e-06,4.026269346516815e-06
tet_1.20,1.2,1.0,4,2.6965525232682297,X1+Z2,0.10606102290111524,1.504580535799223e-05,0.2836621828077522,1.240835047797249,1.5957735066397363e-06,4.267925989948649e-06
tet_1.20,1.2,1.0,5,3.8193468087548963,Y1,0.10818178150061687,3.108817784024006e-05,0.257660028349172,1.6191527569787676,3.363174462365169e-06,8.010180783640355e-06
tet_1.20,1.2,1.0,6,3.8193468087554545,X1,0.11405426468789481,2.9607693989081923e-05,0.25766002816350636,1.6191527595584314,3.3768837670289417e-06,7.628719267083326e-06
tet_1.20,1.2,1.0,7,4.219202646130735,Z1,0.14823553645541548,2.8377109169837032e-05,0.7094255648293007,1.7286432254479158,4.206496000844683e-06,2.0131446701034365e-05
tet_1.20,1.2,1.0,8,4.435171056186219,X1+Y2+Z1,0.12163526112272814,2.217321226063152e-05,0.3916573514364413,1.4003675124488224,2.697044463251592e-06,8.684301586836967e-06
tet_1.20,1.2,1.0,9,5.341996931617426,Z1,0.09110346527533923,5.978119274100741e-05,0.7152190404276948,2.1069609346359326,5.44627381699873e-06,4.275664730784639e-05
tet_1.20,1.2,1.0,10,5.713395253305658,X1+Y2+Z2,0.1249843512406873,2.0091850227126274e-05,0.5905357708358616,1.5419129960371398,2.511166865862433e-06,1.1864956261394695e-05
tet_1.20,1.2,1.0,11,5.957821179048749,Y1+Z2,0.10992003048809489,6.414355307757176e-05,0.23802873190141316,1.888175690100437,7.050661309901421e-06,1.5268008598705393e-05
tet_1.20,1.2,1.0,12,6.836189538792337,X1+Y1,0.12294078080514681,7.619012131827236e-05,0.5031786211667703,1.9202307052251597,9.366873004507265e-06,3.8337240191457234e-05
tet_1.20,1.2,1.0,13,7.236045376168167,X1+Y2+Z1,0.10445186529263079,6.961349601147538e-05,0.39426282805371815,2.0297211736883902,7.271259507939717e-06,2.7446013808190513e-05
tet_1.20,1.2,1.0,14,7.480471301911258,Z1,0.14939303382480967,0.0001273758961992611,0.7555487494197993,2.3759838677500493,1.9029071569361657e-05,9.623869907957789e-05
tet_1.20,1.2,1.0,15,7.674919373967295,X1+Y1+Z2,0.10833455784692257,5.142777823887719e-05,0.42023390592929927,1.5180847351903635,5.571405616558347e-06,2.1611696122589182e-05
tet_1.20,1.2,1.0,16,8.358839661654846,X1+Y1,0.10022411307376591,0.00016123593114717005,0.39302294220363326,2.4080388828807346,1.6159728194847905e-05,6.336942004840321e-05
tet_1.20,1.2,1.0,17,8.974663909086198,X1+Y1+Z2,0.1274200676669257,0.00014934914478778735,0.43351227528232444,2.1892536422896107,1.9030078134857348e-05,6.4744687568423e-05
tet_1.20,1.2,1.0,18,9.197569496829797,X1+Y2+Z2,0.0913710018691951,0.00014991557893621543,0.20874285698954742,2.0058929129272585,1.3697936643202405e-05,3.129380625438763e-05
tet_1.20,1.2,5.0,2,4.139733429866271,X1+Y1+Z1,0.11755563917670035,8.420540573369093e-05,0.3334131794550542,0.1752992702885193,9.898820293157426e-06,2.8075192052972746e-05
tet_1.20,1.2,5.0,3,4.842678790630977,X1+Y2+Z2,0.20062038372993768,9.347658640837887e-05,0.30301245339355815,0.217742062997036,1.8753308635013645e-05,2.8324569782457813e-05
tet_1.20,1.2,5.0,4,4.842678790630984,X1+Y1+Z1,0.19866288050877887,9.851625659512612e-05,0.3030124533935581,0.2177420629970355,1.9571523312129737e-05,2.985165261003846e-05
tet_1.20,1.2,5.0,5,6.664776943843533,X1+Y1+Z2,0.12790857629238256,0.00015163958187812963,0.3295007058365113,0.28910121862001603,1.9396003027603733e-05,4.996534926159716e-05
tet_1.20,1.2,5.0,6,6.664776943843563,X1+Y2+Z2,0.12764794807316956,0.00015461477781263482,0.3295007058365109,0.2891012186200157,1.973625912957186e-05,5.094567842201848e-05
tet_1.20,1.2,5.0,7,7.101687094108211,X1+Y1+Z1,0.11581888683574654,6.749589387779386e-05,0.30266018477177237,0.2872300828242474,7.817299294909765e-06,2.042831971238903e-05
tet_1.20,1.2,5.0,8,7.367722304608232,X1+Y2+Z1,0.11015276073687481,0.0001455460086439155,0.6406705479603336,0.3315440113285325,1.6032294666360338e-05,9.32470411113368e-05
tet_1.20,1.2,5.0,9,8.955433474368022,X1+Y1+Z1,0.14141112419858443,9.514946608604279e-05,0.49780788326339726,0.39025415794619533,1.3455192966122392e-05,4.7366154305935366e-05
tet_1.20,1.2,5.0,10,8.955433474368055,X1+Y2+Z1,0.15036301104265898,6.44174190478814e-05,0.497807883263397,0.390254157946196,9.685997091636182e-06,3.206749902151707e-05
tet_1.20,1.2,5.0,11,9.189820457820858,X1+Y2+Z2,0.10701604615513324,0.00026628044503599534,0.7210656243238412,0.4029031669515117,2.8496280396181496e-05,0.00019200567534511027
tet_1.20,1.2,5.0,12,9.626730608085554,X1+Y2+Z1,0.194288410939039,0.00013726358318352398,0.21889755021101442,0.4010320311557435,2.666872345652547e-05,3.0046662092059194e-05
tet_1.20,1.2,5.0,13,9.626730608085564,X1+Y1+Z1,0.1922602139326667,0.0001453209058977447,0.2188975502110144,0.40103203115574404,2.7939428456789322e-05,3.181039029546167e-05
tet_1.20,1.2,5.0,14,10.777531627580624,X1+Y2+Z2,0.19553544552364632,0.0001032592346000719,0.5269189201400654,0.46161331361897523,2.0190840441955774e-05,5.440924438995956e-05
tet_1.20,1.2,5.0,15,10.777531627580634,X1+Y1+Z2,0.14871980119024344,0.00019590667945857768,0.5269189202660821,0.46161331358568786,2.913520242092042e-05,0.0001032269360132272
tet_1.20,1.2,5.0,16,11.094351082463755,X1+Y1+Z2,0.11579012711995738,0.00023998446950021082,0.29258749182263505,0.4295588134639502,2.7787832230244947e-05,7.021645400745234e-05
tet_1.20,1.2,5.0,17,11.48047698834532,X1+Y2+Z2,0.1436650785267511,0.00014004597685612888,0.5112113476774377,0.5040561062935724,2.0119716262391322e-05,7.159309256542489e-05
tet_1.20,1.2,5.0,18,11.480476988345531,X1+Y1+Z1,0.14501475085073298,0.00014893001111101177,0.5112113465221672,0.504056107611943,2.1597048455460266e-05,7.613471151762164e-05
tet_1.35,1.35,0.0,2,0.527152801008769,X1+Z1,1.046284011779901e-21,2.7225521220191555e-18,0.34158279949916176,2.16703022220825,2.8485627565060843e-39,9.299769756216865e-19
tet_1.35,1.35,0.0,3,0.9607359798384725,X1+Y2+Z2,2.447537379136386e-21,3.4056998797750684e-18,0.41090858334796326,2.325953762999615,8.335577757869775e-39,1.3994313129067022e-18
tet_1.35,1.35,0.0,4,0.9607359798384798,X1+Y2+Z1,1.8305170883119055e-21,3.504583133469348e-18,0.4109085833479624,2.3259537629996214,6.415199313225326e-39,1.440063290599053e-18
tet_1.35,1.35,0.0,5,1.4878887808472447,X1+Y2+Z1,2.7603222832237887e-21,4.387003234964495e-18,0.30878646601207566,2.7800210224035107,1.2109542786047342e-38,1.35464722530823e-18
tet_1.35,1.35,0.0,6,1.487888780847264,Y1,9.572890334358252e-22,2.965744692653057e-18,0.3087864660120757,2.7800210224035116,2.8390748702472734e-39,9.157818227384072e-19
tet_1.35,1.35,0.0,7,1.9214719596769596,X1+Z1,2.0030867762635705e-21,4.357639426126345e-18,0.8813916512976095,2.9389445631948754,8.728729910198456e-39,3.840787009553067e-18
tet_1.35,1.35,0.0,8,2.0883530175229734,X1+Y1+Z1,1.9603484189793124e-21,3.7425052768758894e-18,0.4777763521485734,2.140684968557014,7.336614302545384e-39,1.788080519082549e-18
tet_1.35,1.35,0.0,9,2.4486247606857043,Y1,0.15139921439941234,0.00011271220073669396,0.5486968449931383,3.393011822598773,1.7064538644764332e-05,6.184482893645726e-05
tet_1.35,1.35,0.0,10,3.0490889973614936,X1+Y1+Z1,2.086041091176862e-21,4.248466290702458e-18,0.15499126191582807,2.7536757687522706,8.86247525688507e-39,6.584751516028312e-19
tet_1.35,1.35,0.0,11,3.0490889973615003,Y1,2.0820306350596427e-21,4.251979908854032e-18,0.15499126191582754,2.7536757687522755,8.852752429892202e-39,6.590197317140318e-19
tet_1.35,1.35,0.0,12,3.8060233744356537,X1,1.173723960979922e-12,9.77415541724165e-14,0.5763650489179286,2.290387670600907,1.1472160411558232e-25,5.6334815651899205e-14
tet_1.35,1.35,0.0,13,3.8060233744356644,X1,3.2179372070932808e-15,5.1170753631346705e-15,0.5763650489220793,2.2903876705722164,1.6466427202531418e-29,2.949303392011081e-15
tet_1.35,1.35,0.0,14,4.009824977199968,Z1,0.4149556841819937,0.00021123997096642583,0.7674694903274778,3.366666568947535,8.765522667895771e-05,0.00016212023285439405
tet_1.35,1.35,0.0,15,4.333176175444433,X1,3.771047572482716e-12,1.5046477639259974e-13,0.34381410090931847,2.7444549298409484,5.6740982975946785e-25,5.1731911813943325e-14
tet_1.35,1.35,0.0,16,4.33317617544498,X1,3.1881406399239196e-06,1.383503421764376e-10,0.34381409690924764,2.7444549465300496,4.41080348440081e-16,4.756679795247729e-11
tet_1.35,1.35,0.0,17,4.623604600753238,X1+Z2,2.5313565548347464e-21,5.011423375044109e-18,0.5159912643617149,2.0979025980939654,1.2685699409469975e-38,2.5858506835408627e-18
tet_1.35,1.35,0.0,18,4.766759354274141,X1,3.221358661716032e-16,1.2315030843084656e-15,0.38867552358159246,2.9033784707655,3.967113127567085e-31,4.786551060859389e-16
tet_1.35,1.35,1.0,2,2.047047152747117,X1+Y1,0.10499585135576213,1.0729608697081237e-05,0.2992161585450788,1.0312604248662123,1.1265643998642341e-06,3.210472297032516e-06
tet_1.35,1.35,1.0,3,2.6462155844909665,X1+Z1,0.13308497045254403,1.3514855823780157e-05,0.4972846087819282,1.2012341477791189,1.7986241879781748e-06,6.720729791072679e-06
tet_1.35,1.35,1.0,4,2.6462155844909754,Y1+Z1,0.1313019944729579,1.328901606355233e-05,0.4972846087819301,1.2012341477791213,1.7448743137275968e-06,6.608423154260405e-06
tet_1.35,1.35,1.0,5,3.5696972756096335,X1+Y2,0.0903471099125629,3.0815561165914215e-05,0.1416083341441625,1.519068602523473,2.7840968916741565e-06,4.363740282422657e-06
tet_1.35,1.35,1.0,6,3.569697275609648,X1+Y1,0.09609316814255818,3.476005933082948e-05,0.1416083341441623,1.5190686025234739,3.3402042259226956e-06,4.922314096591008e-06
tet_1.35,1.35,1.0,7,3.763728913422157,X1+Y2+Z1,0.12155201221734083,2.186737797172855e-05,0.310111135551584,1.2779659001168193,2.6580237943807586e-06,6.781317414348434e-06
tet_1.35,1.35,1.0,8,4.168865707353496,Z1,0.14825234697214942,3.062522856199508e-05,0.8672109972240619,1.6890423254363796,4.540262010874276e-06,2.6558535001462578e-05
tet_1.35,1.35,1.0,9,5.092347398472163,Z1,0.09770447192630248,6.16371461061409e-05,0.5772198416964173,2.006876780180733,6.022224811344848e-06,3.5578183718005595e-05
tet_1.35,1.35,1.0,10,5.286379036284586,X1+Z2,0.1338976001435335,5.6331740643316615e-05,0.2959305509203313,1.7657740777740638,7.5426848840480425e-06,1.6670283042877904e-05
tet_1.35,1.35,1.0,11,5.286379036284652,Y1+Z2,0.1315374699268935,5.580616545146112e-05,0.29593055092033027,1.7657740777740767,7.34060180980681e-06,1.6514749286801992e-05
tet_1.35,1.35,1.0,12,5.6630583145283735,X1+Y2+Z1,0.17593183919236904,8.82567309593785e-06,0.7855571392847783,1.5023120960173688,1.5527168998789557e-06,6.933070509507571e-06
tet_1.35,1.35,1.0,13,5.66305831452844,X1+Y1+Z1,0.1269863529882632,3.888664694681418e-05,0.7855571392738457,1.5023120960234404,4.938073475718113e-06,3.0547683131491374e-05
tet_1.35,1.35,1.0,14,6.336095693231911,X1+Y1+Z1,0.10840358261243906,5.1573076889677306e-05,0.33037192460669373,1.399239092704344,5.590706301187805e-06,1.703829666993169e-05
tet_1.35,1.35,1.0,15,6.586540005647082,X1+Y1,0.11084226957825778,7.852147718086942e-05,0.40377223128162254,1.8201465507294097,8.703498741364945e-06,3.170479204484865e-05
tet_1.35,1.35,1.0,16,6.586540005647346,X1+Y2,0.1607302477368287,1.6316023862798376e-05,0.40377222819751085,1.8201465461903152,2.622478557547592e-06,6.587957310405858e-06
tet_1.35,1.35,1.0,17,6.809029159147135,Z1,0.14932131432801488,0.00012561900522695626,0.5982374128515359,2.253582255431337,1.875759496506688e-05,7.514998869195788e-05
tet_1.35,1.35,1.0,18,7.185708437390904,X1+Z1,0.10930941633678831,7.504089477670228e-05,0.4354271462414997,1.9901202736806913,8.202676409431672e-06,3.2674842664028134e-05
tet_1.35,1.35,5.0,2,3.671202844041496,X1+Y2+Z1,0.11857783703551897,8.766696250463124e-05,0.2693351119016114,0.14955903485376731,1.0395358793273115e-05,2.3611791156259227e-05
tet_1.35,1.35,5.0,3,4.724560789830628,X1+Y1+Z2,0.14474495032118959,8.769626093006282e-05,0.4373187866935191,0.21106842932562986,1.2693590931676022e-05,3.8351222427493334e-05
tet_1.35,1.35,5.0,4,4.724560789830653,X1+Y2+Z1,0.1444829259894647,8.896437419507134e-05,0.43731878669356,0.21106842932638467,1.2853833092525535e-05,3.8905792181940455e-05
tet_1.35,1.35,5.0,5,6.0621054312973675,X1+Y1+Z2,0.11491954279024416,6.444157712991111e-05,0.24442781378937486,0.2328215964909548,7.405596580451639e-06,1.575131381500355e-05
tet_1.35,1.35,5.0,6,6.196246358018794,X1+Y1+Z1,0.1677550382651789,0.0001734885088484271,0.23457677282551218,0.26336098318741796,2.9103571440436713e-05,4.069637452797434e-05
tet_1.35,1.35,5.0,7,6.19624635801956,X1+Y2+Z2,0.16812043467888238,0.0001728791859581665,0.23457677274329622,0.26336097996487345,2.906452389021829e-05,4.055344151655487e-05
tet_1.35,1.35,5.0,8,7.249604303807921,X1+Y1+Z1,0.11016282685912351,0.00014913025564115492,0.7930126151509229,0.32487037765842813,1.6428610531653377e-05,0.00011826217402411794
tet_1.35,1.35,5.0,9,8.58714894527465,X1+Y2+Z1,0.16422425185835904,0.00012731045160224594,0.2115081332028503,0.3466235448237696,2.0907463668128667e-05,2.692719595560286e-05
tet_1.35,1.35,5.0,10,8.72128987199612,X1+Y2+Z2,0.10794384819783276,0.00027722683107204277,0.5824853442599041,0.3771629315193946,2.992493096960681e-05,0.0001614805661350811
tet_1.35,1.35,5.0,11,8.837315473567713,X1+Y1+Z1,0.12840237379968245,8.618115236837364e-05,0.43138131956691733,0.38358052427677036,1.10658645408913e-05,3.717693923046658e-05
tet_1.35,1.35,5.0,12,9.281954759521742,X1+Y1+Z2,0.11665549598184373,0.00023836105862598672,0.2361837579485837,0.3412869069398671,2.780612751677181e-05,5.6297010574888214e-05
tet_1.35,1.35,5.0,13,10.309001041755911,X1+Y1+Z1,0.12612147730067041,0.0001606799007539033,0.2744642450940925,0.4358730781377353,2.026518645560739e-05,4.4100887662213774e-05
tet_1.35,1.35,5.0,14,11.112192459251961,X1+Y2+Z1,0.1046231670127985,0.00020378183191061098,0.5286188579587936,0.4604254931559151,2.1320300634157884e-05,0.00010772291925733801
tet_1.35,1.35,5.0,15,11.362358987545027,X1+Y1+Z1,0.1256786762640188,0.00014366487056690155,0.6934827862165073,0.4973824726081773,1.8055610758489782e-05,9.962911472216878e-05
tet_1.35,1.35,5.0,16,11.806998273499032,X1+Y1+Z1,0.20521106135250733,0.000529240808387073,0.15448937958918305,0.4550888552691724,0.00010860606800017022,8.176208414099661e-05
tet_1.35,1.35,5.0,17,12.699903629011741,X1+Y2+Z1,0.1927253187724283,7.723342627564358e-05,0.3992563316977279,0.5191356397773915,1.4884836698860248e-05,3.083593445926036e-05
tet_1.35,1.35,5.0,18,12.834044555733172,X1+Y2+Z1,0.1697465098740691,0.00027534851252025884,0.3987082470087271,0.549675025445095,4.673944899933036e-05,0.00010978372274341294
tet_1.50,1.5,0.0,2,0.42699376881708273,X1,1.742129647692663e-21,4.2564974179060545e-18,0.27668206759431907,2.075327199995068,7.415370347061404e-39,1.1776965062961276e-18
tet_1.50,1.5,0.0,3,0.960735979838435,Y1+Z2,2.9773437033115306e-21,4.917057630401853e-18,0.13851203310931426,2.2796574667287097,1.4639770574696872e-38,6.810716493026278e-19
tet_1.50,1.5,0.0,4,0.9607359798384598,Y1+Z1,4.122282001682043e-21,5.0447086327121396e-18,0.1385120331093146,2.27965746672871,2.0795711600359281e-38,6.98752849161069e-19
tet_1.50,1.5,0.0,5,1.3877297486555786,X1+Y2,4.037067839954156e-21,4.4231433073806784e-18,0.17588682171594594,2.6883180001960034,1.7856529597734995e-38,7.779726183293449e-19
tet_1.50,1.5,0.0,6,1.3877297486555935,X1+Y1+Z1,8.086778488993385e-22,2.6783809223993756e-18,0.175886821715946,2.688318000196003,2.1659473228589532e-39,4.7109190778545e-19
tet_1.50,1.5,0.0,7,1.6915659441936142,X1+Y2,1.439698461113105e-21,4.521524615624733e-18,0.3869988452403451,2.051616471708734,6.509632030999952e-39,1.749824804972567e-18
tet_1.50,1.5,0.0,8,1.9214719596769259,X1+Y1,3.4661345041103404e-21,6.0235963754223596e-18,0.713927237551066,2.8926482669296454,2.0878595235685424e-38,4.300409520427899e-18
tet_1.50,1.5,0.0,9,2.3484657284940575,Y1,0.15139921439941406,0.00011271220073669353,0.4444444444444408,3.3013088003969426,1.706453864476446e-05,5.009431143853005e-05
tet_1.50,1.5,0.0,10,2.652301924032091,X1+Z1,3.113543641966501e-21,4.589789196855302e-18,0.25955404321676917,2.6646072719096834,1.429050897183536e-38,1.1912983435564415e-18
tet_1.50,1.5,0.0,11,2.6523019240321206,Y1,1.5541365095855009e-21,3.2234936813434766e-18,0.2595540432167698,2.664607271909672,5.009749218594067e-39,8.36670818276409e-19
tet_1.50,1.5,0.0,12,3.6130379038705898,Z1,0.41495568418199824,0.00021123997096642583,0.6216502871652452,3.2775980721106164,8.765522667895867e-05,0.00013131738861205667
tet_1.50,1.5,0.0,13,3.7451197266100893,Y1+Z1,6.1007216412196064e-21,6.633711070170568e-18,0.41795292413298163,2.0131123382916396,4.0470424687387657e-38,2.7725789396311196e-18
tet_1.50,1.5,0.0,14,3.8060233744356533,X1+Y1+Z2,1.1237948675708887e-16,8.672608469529084e-16,0.46331638399744846,2.244091374299245,9.746232886508605e-32,4.0181615959278605e-16
tet_1.50,1.5,0.0,15,3.806023374435657,X1+Y1+Z2,9.113386837556933e-18,2.489789977840925e-16,0.46331638399745173,2.2440913742992086,2.2690419212336656e-33,1.153560489446353e-16
tet_1.50,1.5,0.0,16,4.233017143252754,X1+Y1+Z2,7.808244998828663e-17,7.234921252631789e-16,0.276846711052951,2.6527519077665067,5.649203768778137e-32,2.0029641535182072e-16
tet_1.50,1.5,0.0,17,4.2330171432529085,X1+Y1+Z2,1.3882669219086667e-06,9.619554215308129e-11,0.2768467110580794,2.652751907689562,1.3354508920619357e-16,2.6631419463529392e-11
tet_1.50,1.5,0.0,18,4.705855706448563,X1+Y1+Z2,1.1807311532817294e-15,2.8016346315929686e-15,0.4011861995918455,2.626103138491585,3.3079772896347985e-30,1.1239771504936832e-15
tet_1.50,1.5,1.0,2,1.8601265866324477,X1+Y2,0.09458182418894426,1.1033788420732313e-05,0.2473569685692368,0.953714971205807,1.0435958365477127e-06,2.7292844555866918e-06
tet_1.50,1.5,1.0,3,2.6069613935292386,X1+Y1+Z2,0.1059710656266602,1.8122737632986085e-05,0.21765058235642556,1.1715743189035426,1.920485819039913e-06,3.944424399712131e-06
tet_1.50,1.5,1.0,4,2.606961393529243,X1+Y2+Z2,0.10035869130902704,1.6587967085606988e-05,0.21765058235642532,1.1715743189035457,1.6647466681887327e-06,3.6103806962915763e-06
tet_1.50,1.5,1.0,5,3.2730622948110404,X1+Y2+Z2,0.12145357482966186,2.155861861364361e-05,0.25208782565053367,1.1797179341806348,2.6183712990163053e-06,5.43466529034254e-06
tet_1.50,1.5,1.0,6,3.3827767094949457,X1,0.0808666848283947,3.400010914912379e-05,0.15263181696924463,1.4415231488675881,2.7494761106932122e-06,5.1894984365834014e-06
tet_1.50,1.5,1.0,7,3.382776709494981,Y1,0.08639865504129753,3.1872375729611767e-05,0.15263181696924477,1.4415231488675881,2.7537303960093505e-06,4.864738618737103e-06
tet_1.50,1.5,1.0,8,4.129611516391701,Z1,0.14826750838265004,3.267525252648833e-05,0.9644515619932721,1.6593824965653197,4.844678277876315e-06,3.151369833769628e-05
tet_1.50,1.5,1.0,9,4.795712417673531,X1+Y1+Z2,0.10858335117160343,6.922182792228991e-05,0.12617395590939273,1.6675261118424107,7.516338050026309e-06,8.733991864234577e-06
tet_1.50,1.5,1.0,10,4.7957124176735375,X1+Y2+Z1,0.10277585521922347,6.281634571084575e-05,0.1261739559093929,1.66752611184241,6.456003652178572e-06,7.925786834109433e-06
tet_1.50,1.5,1.0,11,4.905426832357409,Z1,0.10352250477230815,6.338453229687491e-05,0.4771779403034147,1.9293313265293641,6.5617255471937535e-06,3.024570056851804e-05
tet_1.50,1.5,1.0,12,5.368279531192843,X1+Y2+Z1,0.10850177929483629,5.1700941480151255e-05,0.26660540331578403,1.3023126076428326,5.609644141814618e-06,1.3783750355121473e-05
tet_1.50,1.5,1.0,13,5.6238041235665905,X1+Y2+Z2,0.12837586681503851,1.9406993088151362e-05,0.5347574536933951,1.4726522671507958,2.4913895599648924e-06,1.037803420766514e-05
tet_1.50,1.5,1.0,14,5.623804123566652,X1+Y1+Z2,0.1255783268224036,3.695352305817653e-05,0.5347574536934925,1.47265226715066,4.64056159583892e-06,1.976117189559424e-05
tet_1.50,1.5,1.0,15,6.318362540536051,Z1,0.14923647142353505,0.00012384531093825518,0.48630426753397915,2.155334289504187,1.8482237206775733e-05,6.022650322334608e-05
tet_1.50,1.5,1.0,16,6.399619439532328,X1+Y2,0.0969828884678996,5.011341061331533e-05,0.24995283513949693,1.742601096892702,4.860143312257217e-06,1.2525989061307921e-05
tet_1.50,1.5,1.0,17,6.399619439532402,X1+Y1,0.09723578547068724,6.343406874818689e-05,0.24995285946436388,1.7426011523417113,6.168061500331526e-06,1.5855526871068353e-05
tet_1.50,1.5,1.0,18,6.890929654055291,X1+Y1+Z2,0.09872913217724288,0.0001673766466397533,0.12674453353995033,1.7901207853044803,1.652495106947988e-05,2.1214075003836628e-05
tet_1.50,1.5,5.0,2,3.326036062385416,X1+Y1+Z1,0.11930962577994579,9.055677837229139e-05,0.22218875489798362,0.13219318830547894,1.0804295339435574e-05,2.0120697834112077e-05
tet_1.50,1.5,5.0,3,4.637484228767254,X1+Y2+Z1,0.22767633496365558,9.555938709541334e-05,0.2293005046478048,0.2066099259985981,2.1756611025256955e-05,2.1911815684813206e-05
tet_1.50,1.5,5.0,4,4.637484228767328,X1+Y1+Z2,0.22344898580464156,0.0001095711304950172,0.22930050464780452,0.20660992599859845,2.4483557982579628e-05,2.5124715517337886e-05
tet_1.50,1.5,5.0,5,5.297117380331579,X1+Y1+Z1,0.11413941449756222,6.616981057986292e-05,0.2016867418133609,0.1954936683117001,7.552583437000153e-06,1.3345573502259812e-05
tet_1.50,1.5,5.0,6,5.8510795763627,X1+Y1+Z1,0.18647878191207828,0.00018886237153161904,0.17467308866574724,0.245995136639346,3.521882499224269e-05,3.298917376816579e-05
tet_1.50,1.5,5.0,7,5.851079576362722,X1+Y2+Z2,0.18775786707714076,0.00018248181984352422,0.17467308866574785,0.24599513663934616,3.426239727417517e-05,3.187466309741493e-05
tet_1.50,1.5,5.0,8,7.162527742744575,X1+Y1+Z1,0.11017112837532228,0.00015208829593314335,0.9613826944573933,0.32041187433246543,1.675573917563434e-05,0.00014621505573963876
tet_1.50,1.5,5.0,9,7.822160894308876,X1+Y1+Z1,0.12527704728246453,0.00011951508165628752,0.19897492556208504,0.3092956166455669,1.4972496535622341e-05,2.3780504476106325e-05
tet_1.50,1.5,5.0,10,7.822160894308881,X1+Y2+Z1,0.12501622125934764,0.00012180491324116856,0.19897492556208457,0.3092956166455669,1.5227589984233572e-05,2.4236123545257683e-05
tet_1.50,1.5,5.0,11,7.950436634347756,X1+Y1+Z1,0.11738717287874008,0.00023675510116582683,0.19493862984512483,0.2792287667767767,2.779201199047651e-05,4.61527150301102e-05
tet_1.50,1.5,5.0,12,8.376123090339954,X1+Y2+Z1,0.10860803017195027,0.00028636521653088547,0.48052291613099973,0.35979708497321344,3.110156207718348e-05,0.00013760504892590625
tet_1.50,1.5,5.0,13,8.750238912504404,X1+Y1+Z2,0.13157135050674296,9.050808669405688e-05,0.4398928472469099,0.37912202095135306,1.1908271198118436e-05,3.9813859954718844e-05
tet_1.50,1.5,5.0,14,8.750238912504416,X1+Y2+Z2,0.13177556672788762,7.003134176726243e-05,0.4398928472719769,0.379122020954462,9.228419750095395e-06,3.080628632827799e-05
tet_1.50,1.5,5.0,15,9.963834260099782,X1+Y1+Z2,0.1363068785958534,0.00018157162093664875,0.24065541060464327,0.41850723159202974,2.4749460891464092e-05,4.369619299065985e-05
tet_1.50,1.5,5.0,16,9.963834260107111,X1+Y2+Z1,0.1411086637435027,0.00012809508807239904,0.24065540773202101,0.41850723089250885,1.807532671000252e-05,3.0826775648532334e-05
tet_1.50,1.5,5.0,17,10.34720440828617,X1+Y2+Z2,0.10391495555325095,0.0002092469771463188,0.4361836464928876,0.42309756497943457,2.1743890329811837e-05,9.127010950929525e-05
tet_1.50,1.5,5.0,18,10.475480148325046,X1+Y1+Z2,0.2007997564583719,0.0005179206654246183,0.13421821375444792,0.3930307151106446,0.00010399834348202127,6.951438657980734e-05
ortho_1.05_1.20,1.2,0.0,2,0.6671777637767029,X1+Y1+Z1,5.981385454724127e-22,2.176435472174605e-18,0.432315730616128,2.2518970952247086,1.3018099476410819e-39,9.409072912920218e-19
ortho_1.05_1.20,1.2,0.0,3,0.8714158547287653,X1+Y1+Z1,1.2853354816989991e-21,3.1923730634295407e-18,0.5646572808047371,2.3248721904855634,4.103270369246118e-39,1.802596693310413e-18
ortho_1.05_1.20,1.2,0.0,4,0.9607359798384589,X1+Y1+Z1,9.555035218017736e-22,3.34697226209877e-18,0.6863444539261631,2.35406222858991,3.198043783808224e-39,2.297175849536195e-18
ortho_1.05_1.20,1.2,0.0,5,1.5385936185054754,Z1,2.6656538456803157e-21,3.6160150234192475e-18,0.4323157306161275,2.835697857311568,9.639044353215314e-39,1.5632601767683854e-18
ortho_1.05_1.20,1.2,0.0,6,1.6279137436151934,Y1,2.4087407391004736e-21,3.990466329286926e-18,0.4766280930042796,2.8648878954159147,9.611998815362144e-39,1.9019683567258155e-18
ortho_1.05_1.20,1.2,0.0,7,1.832151834567232,X1+Y2+Z2,1.6107175985476364e-21,3.978419638481531e-18,0.81310648435882,2.9378629906767704,6.408110526109729e-39,3.2348788055498058e-18
ortho_1.05_1.20,1.2,0.0,8,2.49932959834398,Z1,0.15139921439941142,0.00011271220073669405,0.6944444444444442,3.4486886575027764,1.706453864476424e-05,7.827236162270417e-05
ortho_1.05_1.20,1.2,0.0,9,2.643071787802527,Y1+Z1,2.2612279530157848e-21,5.5013221344634854e-18,0.6046856956880414,2.2222586848672603,1.2439743388993294e-38,3.3265708020820735e-18
ortho_1.05_1.20,1.2,0.0,10,3.4521753963135327,X1+Y2,1.9650650900619869e-19,4.0990873247155664e-17,0.6944444444445033,2.2909997215057167,8.054973402914143e-36,2.8465884199416066e-17
ortho_1.05_1.20,1.2,0.0,11,3.514487642531323,X1+Y2,2.7385131102503203e-18,1.4651988470241143e-16,0.5646572808048619,2.80605944695435,4.01246625169919e-34,8.273351967990551e-17
ortho_1.05_1.20,1.2,0.0,12,3.603807767641027,X1+Y2,1.126810971854111e-17,2.9797188539873146e-16,0.666665979495922,2.835249485058286,3.357579897713464e-33,1.9864771884159193e-16
ortho_1.05_1.20,1.2,0.0,13,3.8060233744356338,X1+Y2,1.0700198907684272e-14,9.223239616752955e-15,0.7656249999828788,2.3184961361383514,9.869049847249027e-29,7.0615428314185686e-15
ortho_1.05_1.20,1.2,0.0,14,4.119353160090244,X1+Y2,3.3725331043000454e-14,1.654645106629748e-14,0.4323157306160463,2.8018253883276043,5.580345397976904e-28,7.153291081829053e-15
ortho_1.05_1.20,1.2,0.0,15,4.4129113761520635,X1+Y2,3.613808330794632e-07,5.490508042840679e-11,0.7882245209671277,2.9039904811633983,1.9841643705512577e-17,4.3277530719342556e-11
ortho_1.05_1.20,1.2,0.0,16,4.473201138213014,X1+Y2,3.7444506100197017e-06,1.7737717118511422e-10,0.4766280911250957,2.8293217963961848,6.6418005684767e-16,8.454294251113031e-11
ortho_1.05_1.20,1.2,0.0,17,4.475223622370192,Z1,0.4149557061182623,0.00021123999137234213,0.9070294645373975,3.4190502307942623,8.765523978032587e-05,0.00019160089626333996
ortho_1.05_1.20,1.2,0.0,18,4.677439229164471,X1+Y2,6.15242523306585e-10,2.304535475732918e-12,0.6484742643267756,2.9022969016771127,1.4178482211394618e-21,1.4944319472408597e-12
ortho_1.05_1.20,1.2,1.0,2,2.2697459964256326,X1+Y1,0.11646014350421985,1.0771298607970079e-05,0.37075145089628664,1.1087141881134197,1.254426981610999e-06,3.99347458694206e-06
ortho_1.05_1.20,1.2,1.0,3,2.549970852996272,X1+Z2,0.12894027463141453,1.171028959648618e-05,0.47371785552813556,1.1869012528700777,1.5099279565843245e-06,5.547373275260869e-06
ortho_1.05_1.20,1.2,1.0,4,2.6696018338014667,Y1+Z2,0.1333060745682221,1.2254651357401343e-05,0.5639937887760562,1.218204656577558,1.6336194676573076e-06,6.911547249190424e-06
ortho_1.05_1.20,1.2,1.0,5,3.672765138482925,X1,0.12520604499093171,2.4669710900811563e-05,0.370751450896289,1.5652189620599763,3.0887969329602913e-06,9.146331109667884e-06
ortho_1.05_1.20,1.2,1.0,6,3.792396119288125,Y1,0.1294571063821718,2.581650126466464e-05,0.40337909641559244,1.5965223657674499,3.3421295506351633e-06,1.041383695275242e-05
ortho_1.05_1.20,1.2,1.0,7,4.072620975858734,Z1,0.14337273649444504,2.8067062030355442e-05,0.6483101150872287,1.6747094305241086,4.024051488651394e-06,1.8196160215060125e-05
ortho_1.05_1.20,1.2,1.0,8,4.408220366719483,X1+Y1+Z1,0.12164309328250733,2.2950425553683765e-05,0.39165735143644165,1.3777371212308738,2.7917607564999943e-06,8.988702886695014e-06
ortho_1.05_1.20,1.2,1.0,9,5.195415261345434,Z1,0.08764787079456554,5.912802586297118e-05,0.7152190404276989,2.0530271397140063,5.182445571175428e-06,4.2289489920098415e-05
ortho_1.05_1.20,1.2,1.0,10,5.300138448932596,X1+Y2+Z2,0.12173282433362374,2.5479850367240096e-05,0.5113880252581625,1.4797474867741711,3.101734148802257e-06,1.303009036317638e-05
ortho_1.05_1.20,1.2,1.0,11,5.68644456383889,X1+Y2+Z2,0.12175986927939339,2.6488822062813205e-05,0.6136404642173109,1.5192826048195467,3.2252755117332473e-06,1.6254613067194443e-05
ortho_1.05_1.20,1.2,1.0,12,5.811239508776768,X1+Z1,0.13036670012207274,5.2563797932357224e-05,0.39165735143072844,1.8342418951712973,6.852568882324841e-06,2.058699787932703e-05
ortho_1.05_1.20,1.2,1.0,13,5.930870489581977,Y1+Z2,0.1347804901589693,5.500726624975286e-05,0.4261248017798447,1.8655452988724406,7.4139063074466205e-06,2.3439960427127077e-05
ortho_1.05_1.20,1.2,1.0,14,6.4229327344192395,X1+Y1,0.11783572078540014,5.367762570906097e-05,0.3707514508966881,1.8580651959522207,6.3251417154761245e-06,1.990105761232372e-05
ortho_1.05_1.20,1.2,1.0,15,6.80923884932567,X1+Y1,0.11786185368338337,5.580318323170309e-05,0.4033790964039292,1.8976003161946635,6.577066617122022e-06,2.2509837628467287e-05
ortho_1.05_1.20,1.2,1.0,16,6.822788571796769,Y1+Z2,0.13487959599902258,6.106989240788119e-05,0.6998633687346113,1.9675553363575224,8.237082415678792e-06,4.274058062883999e-05
ortho_1.05_1.20,1.2,1.0,17,7.089463705897954,X1+Z1,0.13049146958197202,6.066795647405981e-05,0.648309871642201,1.9757870919339702,7.91665079683518e-06,3.933163507449236e-05
ortho_1.05_1.20,1.2,1.0,18,7.333889631640977,Z1,0.14450765208826552,0.00012598415708384243,0.7555487094377437,2.3220497130998554,1.8205674740505293e-05,9.518716729429911e-05
ortho_1.05_1.20,1.2,5.0,2,4.069240134791195,X1+Y1+Z1,0.1175608085295233,8.524160750199378e-05,0.3334131794550552,0.1705190423108814,1.0021072298290668e-05,2.8420675379099633e-05
ortho_1.05_1.20,1.2,5.0,3,4.562297159804524,X1+Y2+Z2,0.11609412819274195,8.352431184201504e-05,0.4238039818819866,0.1997878297478854,9.696682166197448e-06,3.539793594259874e-05
ortho_1.05_1.20,1.2,5.0,4,4.77218549555589,X1+Y1+Z2,0.11545843788573722,8.285377637161064e-05,0.5043055548270984,0.2129618350196087,9.566167592800368e-06,4.178361966260544e-05
ortho_1.05_1.20,1.2,5.0,5,6.384395313017129,X1+Y2+Z2,0.11277990436999256,0.00015281003674260735,0.3334131794550551,0.2711469853712191,1.7233901330606308e-05,5.094888020299651e-05
ortho_1.05_1.20,1.2,5.0,6,6.594283648768486,X1+Y1+Z2,0.11216253319488358,0.00015158327356898423,0.3636373997413857,0.28432099064294314,1.700196395347031e-05,5.5121347444912545e-05
ortho_1.05_1.20,1.2,5.0,7,7.031193799033179,X1+Y1+Z1,0.11582397913450364,6.832647433732324e-05,0.3026601847717728,0.28244985484716506,7.913844137980326e-06,2.0679703347738046e-05
ortho_1.05_1.20,1.2,5.0,8,7.087340673781832,X1+Y2+Z1,0.11076382783321796,0.00014852944451232812,0.587207807377003,0.31358977807994687,1.6451689820127014e-05,8.721764944300842e-05
ortho_1.05_1.20,1.2,5.0,9,8.33058350662343,X1+Y2+Z1,0.11685472425788691,7.447667985812075e-05,0.3852107049526864,0.3539459065699406,8.702951888463621e-06,2.8689214350682233e-05
ortho_1.05_1.20,1.2,5.0,10,8.884940179292968,X1+Y2+Z2,0.11722272377663387,7.688872317721401e-05,0.45875573342256565,0.3854739299696952,9.013105558540624e-06,3.5273142593087436e-05
ortho_1.05_1.20,1.2,5.0,11,8.909438826994423,X1+Y2+Z2,0.10760881636755638,0.00027173872340570203,0.7210656243238466,0.38494893370328026,2.9241482386918388e-05,0.0001959414522454976
ortho_1.05_1.20,1.2,5.0,12,9.346348977259096,X1+Y2+Z2,0.111114396071493,0.0001224867920719408,0.3026601847717731,0.3830777979075017,1.3610045927808238e-05,3.707187512059535e-05
ortho_1.05_1.20,1.2,5.0,13,9.556237313010449,X1+Y2+Z1,0.11050622706591644,0.00012150346474088115,0.33009661698316867,0.39625180317923314,1.3426889463951384e-05,4.010788266269858e-05
ortho_1.05_1.20,1.2,5.0,14,10.152681659836016,X1+Y2+Z2,0.113518573372891,0.00013625714399981008,0.33341317945505616,0.4253050621934525,1.5467716598723014e-05,4.5429927604442105e-05
ortho_1.05_1.20,1.2,5.0,15,10.707038332505585,X1+Y2+Z2,0.11387596472004799,0.00014067005345699027,0.36363739974513665,0.4568330856809842,1.601893804463549e-05,5.115289246110931e-05
ortho_1.05_1.20,1.2,5.0,16,10.855627020600908,X1+Y1+Z1,0.11148925138980854,0.0001324402667258518,0.53373433531546,0.4677478627466144,1.4765666191131787e-05,7.068791772992474e-05
ortho_1.05_1.20,1.2,5.0,17,11.02385778738872,X1+Y2+Z2,0.11579523547761393,0.00024293765981677759,0.292587491863163,0.42477858560436726,2.813102352486423e-05,7.108052056489728e-05
ortho_1.05_1.20,1.2,5.0,18,11.20009535751927,X1+Y2+Z1,0.11245577426152571,0.00013783611005644398,0.5828039854056224,0.48610186966492636,1.5500466477594278e-05,8.033143427370353e-05
ortho_1.10_1.30,1.3,0.0,2,0.5684828283068197,X1+Z1,2.13088913939661e-21,4.208310654684477e-18,0.36836369945989633,2.145482433572755,8.967443469274188e-39,1.550188881236072e-18
ortho_1.10_1.30,1.3,0.0,3,0.7939966775524825,X1+Y1+Z2,2.9600975481460364e-21,3.7445130586767886e-18,0.5144914480059697,2.231215412621486,1.1084123923989977e-38,1.9265199456358833e-18
ortho_1.10_1.30,1.3,0.0,4,0.9607359798385102,X1+Z2,1.1588934318527996e-21,3.54373487858688e-18,0.7159763313609484,2.2869418490031608,4.1068110750220135e-39,2.5372302976864704e-18
ortho_1.10_1.30,1.3,0.0,5,1.3624795058592736,X1+Y2+Z1,2.6910268912428148e-21,4.690178286900256e-18,0.3683636994598968,2.7027467973895125,1.2621395894771749e-38,1.7276914248890595e-18
ortho_1.10_1.30,1.3,0.0,6,1.529218808145297,X1+Y1+Z2,2.1076430039251295e-21,4.062746474119293e-18,0.4457200763464763,2.7584732337711912,8.562819182899015e-39,1.810847668620829e-18
ortho_1.10_1.30,1.3,0.0,7,1.7547326573909563,X1+Y2,2.3423556599104948e-21,4.112188100966433e-18,0.8264462809917343,2.8442062128199206,9.632207072915314e-39,3.398502562782171e-18
ortho_1.10_1.30,1.3,0.0,8,2.252084836944185,Z1,8.538649905051e-21,1.3436075811616658e-17,0.5152351489886259,2.118123900934783,1.1472594745311862e-37,6.922738522620781e-18
ortho_1.10_1.30,1.3,0.0,9,2.3232154856977423,Z1,0.15139921439940682,0.00011271220073669372,0.5917159763313606,3.3157375975879493,1.706453864476367e-05,6.669360990336903e-05
ortho_1.10_1.30,1.3,0.0,10,3.046081514496641,Y1+Z2,6.5954166838196556e-21,8.472839199794128e-18,0.5144914480059669,2.6753882647515423,5.588190501764337e-38,4.3592033086237986e-18
ortho_1.10_1.30,1.3,0.0,11,3.1454738631699826,X1+Z2,2.373647530751025e-20,1.5496059939339117e-17,0.5917159763313571,2.198882601322076,3.6782184411382174e-37,9.169266236295276e-18
ortho_1.10_1.30,1.3,0.0,12,3.2128208167826564,X1+Z2,2.4729815127197517e-19,4.106415728288848e-17,0.6234345302762411,2.73111470113327,1.0155090179599936e-35,2.5600813606847264e-17
ortho_1.10_1.30,1.3,0.0,13,3.713956691476757,X1+Z2,1.96148156031896e-14,1.1135121727713894e-14,0.3683636994598971,2.6704139860894225,2.18413359408178e-28,4.101774633556971e-15
ortho_1.10_1.30,1.3,0.0,14,3.806023374435687,X1+Z2,2.209019155409063e-14,1.1736271676721088e-14,0.6795495170173016,2.2513757565799555,2.592564894696173e-28,7.975377749499653e-15
ortho_1.10_1.30,1.3,0.0,15,4.0068174943350945,Z1,0.4149556841313825,0.00021123997103838913,0.826446281009022,3.288379065233445,8.765522669812819e-05,0.0001745784884651302
ortho_1.10_1.30,1.3,0.0,16,4.106209843008449,X1+Z2,1.733951677364791e-10,1.0145153885532323e-12,0.8222549156190935,2.8118734015521887,1.75912065969427e-22,8.341902652091099e-13
ortho_1.10_1.30,1.3,0.0,17,4.374506202742444,X1+Z2,1.505076782656727e-08,9.213903869075208e-12,0.4230431221533722,2.7229071416275965,1.3867632790976082e-19,3.897878659994612e-12
ortho_1.10_1.30,1.3,0.0,18,4.600020051988244,X1+Z2,1.8419998393842932e-06,9.997018380325617e-11,0.5908618911481337,2.8086402170045,1.8414506250881613e-16,5.906857186041847e-11
ortho_1.10_1.30,1.3,1.0,2,2.070727109300501,X1+Y2,0.10871343377549592,1.135711496079241e-05,0.3204317252004515,1.0189448237389305,1.2346709651707996e-06,3.63917994018657e-06
ortho_1.10_1.30,1.3,1.0,3,2.38566102725828,X1+Z2,0.12469522764758571,1.2203410540601284e-05,0.43484248672046233,1.1106041961929922,1.521707055437224e-06,5.306561385945764e-06
ortho_1.10_1.30,1.3,1.0,4,2.6103085269978474,Y1+Z1,0.13332880418846693,1.3335373214910423e-05,0.611060444432423,1.1703625751448847,1.7779893641509185e-06,8.148719083375393e-06
ortho_1.10_1.30,1.3,1.0,5,3.3687297324234278,X1,0.11297557942690267,2.4909980531187625e-05,0.3204317252004527,1.4469946224468253,2.814219484023787e-06,7.98194803631814e-06
ortho_1.10_1.30,1.3,1.0,6,3.5933772321630317,Y1,0.12081785809415177,2.7220577891266118e-05,0.37772513753279385,1.506753001398716,3.288731916907795e-06,1.0281896527700621e-05
ortho_1.10_1.30,1.3,1.0,7,3.908311150120811,Z1,0.1386321058868118,2.924896756846202e-05,0.6822235419995077,1.59841237385278,4.0548459690309505e-06,1.9954334254384888e-05
ortho_1.10_1.30,1.3,1.0,8,3.912188771049987,X1+Y2+Z1,0.12159683474317166,2.3485661570171942e-05,0.33413029591913673,1.272912668925364,2.8557821087822554e-06,7.847271050298249e-06
ortho_1.10_1.30,1.3,1.0,9,4.891379855285942,Z1,0.08853441546954889,5.970390082868843e-05,0.6181469296112593,1.9348028001066122,5.285849961119846e-06,3.690578298306887e-05
ortho_1.10_1.30,1.3,1.0,10,4.904322489396931,X1+Y2+Z1,0.12172521818846194,2.6727429548394535e-05,0.4659016128213439,1.3953552613834659,3.2534021933950696e-06,1.2452352533165858e-05
ortho_1.10_1.30,1.3,1.0,11,5.210191394172895,X1+Z2,0.12600587626588722,5.151197064521196e-05,0.33413029591913745,1.700962467633262,6.490810999332593e-06,1.7211709995062595e-05
ortho_1.10_1.30,1.3,1.0,12,5.434838893912505,Y1+Z2,0.13472962546193812,5.629011261268967e-05,0.39387302209534947,1.7607208465851558,7.583945789517998e-06,2.217115676884763e-05
ortho_1.10_1.30,1.3,1.0,13,5.627151257035265,X1+Y2+Z1,0.12178073777270333,2.882483702947511e-05,0.6648502558866705,1.471440523390178,3.5103099196274174e-06,1.91642002749381e-05
ortho_1.10_1.30,1.3,1.0,14,5.887391194562104,X1+Y1,0.10997243169090914,5.455685912417957e-05,0.3204317252004531,1.7317456876371908,5.9997504633043916e-06,1.748174849067894e-05
ortho_1.10_1.30,1.3,1.0,15,6.426972612259472,Y1+Z2,0.13487107291477976,6.405993781644316e-05,0.7309521453286663,1.8831634387039642,8.639832544157763e-06,4.682474897655008e-05
ortho_1.10_1.30,1.3,1.0,16,6.610219962200434,X1+Y2,0.11002237898007246,5.883815550825601e-05,0.37772513753603043,1.807830948817524,6.473513843817781e-06,2.2224650381722347e-05
ortho_1.10_1.30,1.3,1.0,17,6.681497936598874,X1+Y1+Z1,0.10839092494089345,5.5081988348699333e-05,0.356818080733456,1.3932802769760855,5.9703876646990366e-06,1.965424936556548e-05
ortho_1.10_1.30,1.3,1.0,18,6.732841517035539,Z1,0.13968879801394746,0.00012346317481643388,0.6445729064377116,2.188770570051135,1.7246422489093515e-05,7.958101742945607e-05
ortho_1.10_1.30,1.3,5.0,2,3.6785169533316378,X1+Y2+Z1,0.11828581307784994,8.863511943105557e-05,0.28845396251664623,0.14817345584819264,1.0484277169154746e-05,2.5567151418024167e-05
ortho_1.10_1.30,1.3,5.0,3,4.2327513704848,X1+Y2+Z2,0.11666034892309401,8.653131843266957e-05,0.3899188160364114,0.17973451340724783,1.0094773801130588e-05,3.374018923333622e-05
ortho_1.10_1.30,1.3,5.0,4,4.62726656844632,X1+Y2+Z2,0.11547041543698762,8.520624782432978e-05,0.5479892020048062,0.20416360441955383,9.838800834102283e-06,4.669210375107823e-05
ortho_1.10_1.30,1.3,5.0,5,5.809045269347453,X1+Y2+Z2,0.11401662545357703,0.00016006904903017802,0.2884539625166456,0.23754631316928973,1.8250532809984067e-05,4.617255146902608e-05
ortho_1.10_1.30,1.3,5.0,6,6.203560467308986,X1+Y1+Z2,0.11285391420588034,0.00015761788110604455,0.3418539000356772,0.2619754041815957,1.77877948316542e-05,5.388228737146101e-05
ortho_1.10_1.30,1.3,5.0,7,6.239750895285017,X1+Y1+Z1,0.11521561083210836,6.678735183318526e-05,0.2617823435617273,0.23983352347739126,7.694945537319373e-06,1.7483749483172863e-05
ortho_1.10_1.30,1.3,5.0,8,6.757794884462087,X1+Y2+Z1,0.1113037902997972,0.00015387673811709368,0.624401368869459,0.29353646174065146,1.7127064191401805e-05,9.608084591748054e-05
ortho_1.10_1.30,1.3,5.0,9,7.698661330877569,X1+Y1+Z1,0.11651044958384715,7.431189607481228e-05,0.3542006517323077,0.3178983224634079,8.658112421104505e-06,2.6321322021162026e-05
ortho_1.10_1.30,1.3,5.0,10,8.334088783324736,X1+Y2+Z2,0.10878660157119842,0.0002846472651106902,0.6238332777086589,0.35134826150255627,3.0965808617927946e-05,0.00017757243638480747
ortho_1.10_1.30,1.3,5.0,11,8.370279211300812,X1+Y1+Z1,0.11105831192748265,0.00012061345394245397,0.2617823435617263,0.3292063807984913,1.3395126590592116e-05,3.157447263812994e-05
ortho_1.10_1.30,1.3,5.0,12,8.74002125218339,X1+Y2+Z2,0.11723488631842643,7.907182857309645e-05,0.4984937918429232,0.3766756993715835,9.269976833757065e-06,3.9416815653356444e-05
ortho_1.10_1.30,1.3,5.0,13,8.764794409262295,X1+Y1+Z2,0.10992604815165254,0.00011876647708566467,0.3102447070804968,0.3536354718099983,1.3055529478920912e-05,3.684667089442457e-05
ortho_1.10_1.30,1.3,5.0,14,9.274955229740232,X1+Y1+Z2,0.11387015882571827,0.00013746507913661805,0.288453962516646,0.3757101222263624,1.5653170394276628e-05,3.96523467846218e-05
ortho_1.10_1.30,1.3,5.0,15,9.689816207825498,X1+Y2+Z2,0.11639259374533804,0.0002445625714829611,0.2529644018730658,0.358416911460705,2.8465272027931484e-05,6.186562461572614e-05
ortho_1.10_1.30,1.3,5.0,16,10.223704844854844,X1+Y1+Z2,0.11116084347171512,0.00013214720786799524,0.5672036399169709,0.4317002707969826,1.468959508903842e-05,7.495437730759148e-05
ortho_1.10_1.30,1.3,5.0,17,10.316315151046043,X1+Y2+Z1,0.11457801340905995,0.00014627018677641963,0.3418539000402949,0.4344874990447991,1.675934742181431e-05,5.000303380914142e-05
ortho_1.10_1.30,1.3,5.0,18,10.87054956820249,X1+Y2+Z2,0.11300462685985638,0.00014279803929646652,0.6244013832371081,0.4660485633707835,1.6136839147016308e-05,8.916329326026063e-05
ortho_1.20_1.50,1.5,0.0,2,0.42699376881710327,X1,6.505514875868768e-21,5.429041989631119e-18,0.2766820675943213,1.9711605333644582,3.5318713425261414e-38,1.5021185627475257e-18
ortho_1.20_1.50,1.5,0.0,3,0.6671777637767391,X1+Y2+Z2,2.616142023623682e-21,4.318738653733926e-18,0.43231573061612755,2.073325666732703,1.129843368108129e-38,1.8670586564290935e-18
ortho_1.20_1.50,1.5,0.0,4,0.9607359798385001,X1+Y2,2.6090449764805918e-21,5.087719083478274e-18,0.6399999999999998,2.175490800100942,1.3274087916493433e-38,3.2561402134260946e-18
ortho_1.20_1.50,1.5,0.0,5,1.0941715325938046,X1+Y1+Z2,5.969950833426504e-21,6.129757838144898e-18,0.276682067594322,2.4819862002056707,3.659435291453578e-38,1.6959940725104319e-18
ortho_1.20_1.50,1.5,0.0,6,1.3877297486555942,X1+Y1+Z1,1.286298652382704e-21,3.3700617528091095e-18,0.39842217733582286,2.5841513335739115,4.3349058910848506e-39,1.342707341310385e-18
ortho_1.20_1.50,1.5,0.0,7,1.6279137436152078,Y1+Z2,1.3310630843831994e-21,3.4506239975701853e-18,0.6944444444444449,2.6863164669421535,4.5929982212524566e-39,2.396266664979297e-18
ortho_1.20_1.50,1.5,0.0,8,1.6915659441936564,Z1,3.0594826567721845e-21,4.240435163498862e-18,0.38699884524034756,1.9474498050777969,1.297353783989169e-38,1.641043511590624e-18
ortho_1.20_1.50,1.5,0.0,9,2.054907512432307,Z1,0.15139921439940623,0.00011271220073669428,0.44444444444444436,3.0949770004151214,1.706453864476369e-05,5.009431143853078e-05
ortho_1.20_1.50,1.5,0.0,10,2.358743707970356,X1,2.7652828693842587e-21,4.031625856205357e-18,0.3869988452403474,2.458275471919002,1.1148585915931318e-38,1.5602345507926e-18
ortho_1.20_1.50,1.5,0.0,11,2.643071787802548,Y1,1.0140166918498297e-21,3.770614222088477e-18,0.44444444444444425,2.0436872563743744,3.823465759724076e-39,1.6758285431504334e-18
ortho_1.20_1.50,1.5,0.0,12,2.6523019240321095,X1+Y1+Z2,2.2796824796397254e-21,3.721423567966449e-18,0.5572783371460971,2.560440605287246,8.483664107211469e-39,2.0738687377726383e-18
ortho_1.20_1.50,1.5,0.0,13,3.0700655566196664,Y1+Z1,1.6877419926182527e-19,2.7562828562742602e-17,0.27668206759432135,2.4523477898473476,4.651894320067849e-36,7.62614039548744e-18
ortho_1.20_1.50,1.5,0.0,14,3.319479687808843,Z1,0.41495568418206435,0.0002112399709663574,0.6216502871652603,3.071266272128573,8.765522667894424e-05,0.0001313173886120173
ortho_1.20_1.50,1.5,0.0,15,3.603807767641048,Y1+Z1,1.1428292795212341e-11,2.293961331252048e-13,0.7139272375825355,2.6566780565266366,2.6216061754443493e-24,1.6377214763419304e-13
ortho_1.20_1.50,1.5,0.0,16,3.7451197266101444,Y1+Z1,2.048779704079954e-07,3.056695778693143e-11,0.4179529237803809,1.9089456735511334,6.2624962729333824e-18,1.2775549378119473e-11
ortho_1.20_1.50,1.5,0.0,17,3.8060233744356866,Y1+Z1,1.2341496078952677e-09,2.368712760337397e-12,0.5104171922693478,2.139924707905057,2.923345924386916e-21,1.2090317164239909e-12
ortho_1.20_1.50,1.5,0.0,18,4.030801536458404,Y1,0.41495564967467685,0.00021123993245936946,0.44444444446329867,3.065338591140442,8.765520341091252e-05,9.38844144303692e-05
ortho_1.20_1.50,1.5,1.0,2,1.7668331287770802,X1+Y1,0.09460482635263338,1.2509527519958285e-05,0.247356968569236,0.8767648009814365,1.183461678779142e-06,3.094318805570314e-06
ortho_1.20_1.50,1.5,1.0,3,2.1138120982980384,X1+Z1,0.1165165284397698,1.358541764775322e-05,0.37075145089628686,0.9851336802147976,1.5829257017205886e-06,5.036813303936527e-06
ortho_1.20_1.50,1.5,1.0,4,2.5136679356738805,Y1+Z2,0.1333705378740948,1.545631245379732e-05,0.6842065941175799,1.0946241486821955,2.061416705513019e-06,1.0575310901629798e-05
ortho_1.20_1.50,1.5,1.0,5,2.8896274142637086,X1,0.09178777340219421,2.6353441123750073e-05,0.2473569685692356,1.2550825101825926,2.418923682234838e-06,6.518707307738648e-06
ortho_1.20_1.50,1.5,1.0,6,3.1797688369556965,X1+Y1+Z1,0.12148320345860425,2.4442025037646565e-05,0.25208782565053395,1.1027677639593956,2.969295500588717e-06,6.161536946236233e-06
ortho_1.20_1.50,1.5,1.0,7,3.289483251639581,Y1,0.10509448314180314,2.9982664560100934e-05,0.3385222298238338,1.3645729786499854,3.151012635157866e-06,1.0149798462945405e-05
ortho_1.20_1.50,1.5,1.0,8,3.636462221160553,Z1,0.12950373556129707,3.256134331145363e-05,0.7152190404276987,1.4729418578833495,4.2168155937271e-06,2.328849271825473e-05
ortho_1.20_1.50,1.5,1.0,9,4.252286468591893,X1+Y2+Z1,0.12170224692925352,2.8946474115005994e-05,0.3916573514364413,1.254156613340255,3.522850940475705e-06,1.1337099385306754e-05
ortho_1.20_1.50,1.5,1.0,10,4.30256312244236,X1+Z1,0.11759553273602975,5.1491270693259866e-05,0.2520878256505339,1.4810854731605534,6.05514340842901e-06,1.298032246904694e-05
ortho_1.20_1.50,1.5,1.0,11,4.412277537126226,Z1,0.08898871321442366,6.316356744546391e-05,0.47717794030341504,1.742890687851144,5.620844589004295e-06,3.0140261015842308e-05
ortho_1.20_1.50,1.5,1.0,12,4.70241895981819,Y1+Z1,0.1346046424772824,5.8582311498513835e-05,0.3449966796741945,1.5905759416279466,7.885451094750244e-06,2.021070295462666e-05
ortho_1.20_1.50,1.5,1.0,13,5.0281017845575775,X1+Y2,0.0956532769153613,5.615132498013778e-05,0.24735696856923656,1.524105443308049,5.371058237489563e-06,1.388942152823293e-05
ortho_1.20_1.50,1.5,1.0,14,5.274986073337479,X1+Y1+Z1,0.10852818846979591,5.8615801354179656e-05,0.2666054033157867,1.2253624374232956,6.3614667366745275e-06,1.5627289360709104e-05
ortho_1.20_1.50,1.5,1.0,15,5.530510665711297,X1+Y1+Z2,0.12181906743792152,3.340931523807589e-05,0.6842065941175387,1.3957020969335063,4.069891626041946e-06,2.285887379084309e-05
ortho_1.20_1.50,1.5,1.0,16,5.774936591454394,Y1+Z1,0.13484593082647325,6.937851319200312e-05,0.7555487494163491,1.7419647917529093,9.355410190732415e-06,5.2418848878583635e-05
ortho_1.20_1.50,1.5,1.0,17,5.825213245304843,Z1,0.13039552981201888,0.00012341357373063844,0.4863042675342517,1.9688936508266757,1.6092578332601255e-05,6.00165475768625e-05
ortho_1.20_1.50,1.5,1.0,18,6.306325981677657,X1+Y2,0.09574477948840446,6.480851084255693e-05,0.33852222985585473,1.6656509277792428,6.2050765795924826e-06,2.193912160405971e-05
ortho_1.20_1.50,1.5,5.0,2,3.089636291624339,X1+Y1+Z1,0.11932839959901183,9.454731618007947e-05,0.22218875489798406,0.11696664899242547,1.128217992615064e-05,2.1007350460997883e-05
ortho_1.20_1.50,1.5,5.0,3,3.6981390972415134,X1+Y1+Z2,0.11759379319585211,9.186788292304817e-05,0.333413179455055,0.14894059397658865,1.080309282579368e-05,3.0629962935178244e-05
ortho_1.20_1.50,1.5,5.0,4,4.401084458006219,X1+Y1+Z2,0.11549082695686277,8.929443320577303e-05,0.6406705479603354,0.19138338668657856,1.0312687933579074e-05,5.720831345175018e-05
ortho_1.20_1.50,1.5,5.0,5,4.911734444836924,X1+Y2+Z2,0.11592090807258773,0.00017297692780421947,0.22218875489798387,0.18832580461788379,2.005164254667157e-05,3.843352821489797e-05
ortho_1.20_1.50,1.5,5.0,6,5.06071760957049,X1+Y1+Z2,0.11415736707839581,6.908569534961742e-05,0.20168674181336105,0.18026712899952568,7.886641083892498e-06,1.3933668800974808e-05
ortho_1.20_1.50,1.5,5.0,7,5.614679805601648,X1+Y2+Z1,0.11384814483262586,0.00016813141039607045,0.3078568799851484,0.23076859732787372,1.9141449161685484e-05,5.176041143203679e-05
ortho_1.20_1.50,1.5,5.0,8,6.223182611218794,X1+Y1+Z1,0.11219394736989056,0.00016336663323720943,0.6932200127930606,0.26274254231203625,1.832874745141169e-05,0.00011324901958265756
ortho_1.20_1.50,1.5,5.0,9,6.660092761483492,X1+Y1+Z2,0.11585647206249043,7.36378480992378e-05,0.30266018477177276,0.2608714065162026,8.531421291051258e-06,2.2287244711911046e-05
ortho_1.20_1.50,1.5,5.0,10,6.8828157627830935,X1+Y1+Z1,0.11089897197835646,0.0001263941888528407,0.201686741813362,0.2516262846249835,1.4016985607818275e-05,2.54920321338722e-05
ortho_1.20_1.50,1.5,5.0,11,7.436777958814255,X1+Y2+Z2,0.11060063046613254,0.000307601061698139,0.4805229161310036,0.30212775295333144,3.402087135586591e-05,0.00014780935917218252
ortho_1.20_1.50,1.5,5.0,12,7.585761123547833,X1+Y1+Z2,0.1089168272889253,0.00012285357074762182,0.27945001580993517,0.29406907733497406,1.338082114694649e-05,3.4331432287729905e-05
ortho_1.20_1.50,1.5,5.0,13,7.7140368635866405,X1+Y2+Z2,0.11740564056840647,0.00024718811567214506,0.19493862984512617,0.2640022274657706,2.9021279061385544e-05,4.8186512583126513e-05
ortho_1.20_1.50,1.5,5.0,14,7.8736881090788975,X1+Y1+Z2,0.11420855100853541,0.0001386518152920341,0.2221887548979834,0.3002566171574986,1.5835222919206308e-05,3.0806874204082235e-05
ortho_1.20_1.50,1.5,5.0,15,8.513839141743297,X1+Y1+Z2,0.1172556130507423,8.286568526751104e-05,0.5828039851997345,0.3638954816417004,9.71646672691187e-06,4.829445161021236e-05
ortho_1.20_1.50,1.5,5.0,16,9.185136275460836,X1+Y1+Z2,0.11053715960026574,0.0001309485660355327,0.6292795552196085,0.3746733549299198,1.4474682543295614e-05,8.240325539148555e-05
ortho_1.20_1.50,1.5,5.0,17,9.40785927676117,X1+Y1+Z2,0.10581715204500204,0.00022476422599827157,0.4361836256807881,0.365428256107613,2.3783910276736304e-05,9.803847501926215e-05
ortho_1.20_1.50,1.5,5.0,18,9.53613501680085,X1+Y2+Z1,0.114053649104135,0.0004522373121306476,0.1949387148733491,0.33536144002562895,5.157931570954605e-05,8.815856044452609e-05
